itemPurchaseId,businessDate,itemPurchaseReferenceNumber,itemPurchaseComment
7376,2026-03-13,3148,
9821,2025-11-28,,
2645,2025-10-29,2855,
1635,2026-03-06,5039,
9015,2026-07-10,1563,
6212,2025-07-31,,
3356,2026-01-05,,magnis dis parturient montes nascetur ridiculus mus vivamus vestibulum sagittis
8779,2025-01-24,,nunc vestibulum ante ipsum primis in faucibus orci luctus et ultrices posuere cubilia curae mauris viverra diam vitae
4069,2026-05-27,1862,
9273,2025-08-19,,
8502,2025-04-11,3945,
1251,2026-06-15,5072,
2766,2025-03-19,,ultrices libero non mattis pulvinar nulla pede ullamcorper augue a suscipit nulla elit ac nulla sed vel enim
5194,2026-01-09,,
1508,2025-04-29,,
7406,2025-06-29,,
7170,2026-02-15,,
1619,2025-12-02,2487,
6387,2025-09-19,,
5748,2025-03-28,,sed interdum venenatis turpis enim blandit mi in porttitor pede justo eu massa donec dapibus duis at velit eu est
6403,2025-09-11,,erat fermentum justo nec condimentum neque sapien placerat ante nulla justo aliquam quis turpis eget elit sodales scelerisque
1025,2025-12-28,,
3672,2025-05-27,,cursus id turpis integer aliquet massa id lobortis convallis tortor risus dapibus augue vel accumsan
7694,2025-04-06,,
2932,2026-04-28,,
2689,2026-06-30,,volutpat in congue etiam justo etiam pretium iaculis justo in hac habitasse
2328,2025-09-07,5627,
3597,2026-05-21,8278,
1956,2025-11-30,,
9183,2026-07-04,,
7332,2025-12-13,8604,
3395,2025-11-16,,
5857,2025-11-10,,
5366,2026-02-21,9283,accumsan tellus nisi eu orci mauris lacinia sapien quis libero
7720,2026-08-13,8965,
7160,2025-07-28,,metus arcu adipiscing molestie hendrerit at vulputate vitae nisl aenean lectus pellentesque eget
6308,2026-08-17,8851,
8502,2026-03-05,,aenean sit amet justo morbi ut odio cras mi pede malesuada in imperdiet et commodo vulputate
9516,2026-06-12,8808,
4970,2025-03-27,,elementum ligula vehicula consequat morbi a ipsum integer a nibh in quis justo maecenas rhoncus aliquam lacus morbi
1791,2025-06-06,,consequat metus sapien ut nunc vestibulum ante ipsum primis in faucibus orci luctus et ultrices posuere cubilia curae mauris
3236,2025-04-19,7882,diam id ornare imperdiet sapien urna pretium nisl ut volutpat
7631,2025-01-06,,
4904,2026-08-07,,
5168,2025-11-09,,
4451,2026-08-23,3640,
2279,2026-07-06,4823,
1081,2025-01-06,3621,duis aliquam convallis nunc proin at turpis a pede posuere nonummy integer non velit donec diam neque vestibulum eget
2436,2025-04-13,6657,sed sagittis nam congue risus semper porta volutpat quam pede lobortis ligula sit amet eleifend
1784,2025-11-02,,
2117,2026-02-22,7036,
9122,2025-03-14,,quis turpis eget elit sodales scelerisque mauris sit amet eros suspendisse accumsan tortor quis turpis sed
6824,2026-01-12,7546,
7952,2026-05-19,,
7872,2026-04-11,,
4704,2026-01-25,,pellentesque ultrices mattis odio donec vitae nisi nam ultrices libero
8923,2025-10-31,8850,id ligula suspendisse ornare consequat lectus in est risus auctor sed tristique
2049,2025-08-03,,
8152,2026-01-06,,tristique fusce congue diam id ornare imperdiet sapien urna pretium nisl ut
3110,2025-09-28,7706,magnis dis parturient montes nascetur ridiculus mus etiam vel augue
8334,2025-01-22,1345,diam neque vestibulum eget vulputate ut ultrices vel augue vestibulum ante ipsum primis in faucibus orci luctus
4344,2026-03-09,6386,
5816,2026-04-13,,
3240,2025-05-12,1928,
6105,2025-04-30,,
8068,2026-04-04,,
5211,2026-08-08,2193,
1231,2025-02-09,7499,
9210,2026-07-29,,amet sapien dignissim vestibulum vestibulum ante ipsum primis in faucibus
5982,2026-03-15,,
7336,2026-08-02,7116,
1458,2026-03-27,,lacinia sapien quis libero nullam sit amet turpis elementum ligula
8711,2026-01-14,,
6597,2026-03-16,,
7967,2025-03-07,,duis faucibus accumsan odio curabitur convallis duis consequat dui nec nisi volutpat eleifend donec
4483,2025-09-18,,
3755,2025-11-23,,potenti nullam porttitor lacus at turpis donec posuere metus vitae ipsum aliquam non
1831,2025-10-25,7140,
9490,2026-08-18,9605,est lacinia nisi venenatis tristique fusce congue diam id ornare imperdiet sapien urna pretium nisl ut volutpat sapien arcu sed
6029,2025-07-08,,
1772,2026-05-27,,
7185,2025-04-28,,
1061,2025-04-26,2896,nulla suscipit ligula in lacus curabitur at ipsum ac tellus semper
6292,2025-05-13,,
9469,2026-06-21,,primis in faucibus orci luctus et ultrices posuere cubilia curae duis faucibus accumsan
3568,2025-09-29,,nisl venenatis lacinia aenean sit amet justo morbi ut odio cras
5562,2025-04-17,1364,
3777,2025-08-14,,
2430,2025-08-25,,nulla tempus vivamus in felis eu sapien cursus vestibulum proin eu mi nulla
5432,2026-06-29,1228,tincidunt eget tempus vel pede morbi porttitor lorem id ligula suspendisse ornare consequat lectus in est risus
7352,2025-09-20,,
4617,2026-07-22,7246,
7153,2025-06-18,9017,
7642,2025-01-16,,
8239,2026-01-25,4582,metus aenean fermentum donec ut mauris eget massa tempor convallis nulla neque libero convallis eget eleifend luctus ultricies
1242,2025-03-19,1755,turpis a pede posuere nonummy integer non velit donec diam neque
9899,2025-05-05,6271,
8291,2025-03-05,,scelerisque mauris sit amet eros suspendisse accumsan tortor quis turpis sed ante vivamus tortor duis
7455,2025-02-08,5431,
2273,2026-08-03,,potenti in eleifend quam a odio in hac habitasse platea dictumst maecenas ut massa quis
1916,2025-03-22,,
2387,2025-08-03,,
5642,2026-07-03,7232,
7946,2026-05-18,9690,
1529,2025-10-29,6908,
9333,2026-08-05,9281,
5038,2025-06-03,8585,
1419,2026-04-25,7848,ultrices posuere cubilia curae duis faucibus accumsan odio curabitur convallis duis consequat dui
6634,2025-12-05,,eu orci mauris lacinia sapien quis libero nullam sit amet turpis elementum ligula vehicula
7385,2025-09-07,,
2646,2025-07-03,5577,quam pede lobortis ligula sit amet eleifend pede libero quis orci nullam molestie nibh
2833,2026-05-31,,morbi ut odio cras mi pede malesuada in imperdiet et commodo vulputate justo in
4439,2025-02-14,6456,
7998,2026-03-21,8129,nam dui proin leo odio porttitor id consequat in consequat ut nulla sed accumsan felis ut
3787,2026-02-23,,
6721,2025-02-25,8283,
8975,2025-02-13,5160,
6103,2025-09-12,,luctus et ultrices posuere cubilia curae donec pharetra magna vestibulum aliquet ultrices erat tortor sollicitudin mi sit
3855,2026-05-06,,rhoncus mauris enim leo rhoncus sed vestibulum sit amet cursus id turpis
9239,2025-11-03,,
9333,2025-07-29,,
8398,2025-10-31,,luctus cum sociis natoque penatibus et magnis dis parturient montes nascetur ridiculus mus vivamus
4450,2025-03-19,9163,
1459,2026-01-23,,
9182,2026-01-15,4205,
4775,2025-06-23,,
3972,2025-08-06,,scelerisque quam turpis adipiscing lorem vitae mattis nibh ligula nec sem duis aliquam
7164,2026-01-10,,
1820,2025-04-24,,
8512,2025-01-03,,
2565,2025-05-05,,
5992,2026-07-05,,
1617,2025-01-30,,
7823,2025-05-20,,
9530,2026-01-12,,justo in blandit ultrices enim lorem ipsum dolor sit amet consectetuer adipiscing elit proin
4002,2025-11-11,,
6471,2026-08-15,,
8016,2025-10-02,,lobortis sapien sapien non mi integer ac neque duis bibendum morbi non quam nec dui luctus rutrum nulla tellus
4574,2025-01-30,,consequat morbi a ipsum integer a nibh in quis justo maecenas rhoncus aliquam lacus morbi quis tortor id
4686,2026-01-11,,
6526,2026-08-01,,
9191,2026-05-28,8983,
1117,2025-09-03,8811,in blandit ultrices enim lorem ipsum dolor sit amet consectetuer adipiscing elit proin interdum mauris
8328,2025-11-25,4301,
8360,2026-09-01,,diam id ornare imperdiet sapien urna pretium nisl ut volutpat
1851,2025-10-22,2884,ac lobortis vel dapibus at diam nam tristique tortor eu
5415,2025-09-09,,non velit nec nisi vulputate nonummy maecenas tincidunt lacus at velit vivamus vel nulla eget eros elementum pellentesque
5778,2025-10-13,4707,venenatis tristique fusce congue diam id ornare imperdiet sapien urna pretium nisl ut volutpat sapien arcu
2476,2025-08-26,8154,
9247,2026-06-09,4555,semper interdum mauris ullamcorper purus sit amet nulla quisque arcu libero rutrum ac lobortis vel dapibus at
1209,2025-08-17,1759,purus aliquet at feugiat non pretium quis lectus suspendisse potenti in
8546,2025-12-05,5628,posuere metus vitae ipsum aliquam non mauris morbi non lectus aliquam sit amet diam in magna bibendum imperdiet nullam orci
4852,2025-05-06,2915,sit amet consectetuer adipiscing elit proin risus praesent lectus vestibulum quam sapien varius ut blandit non
1584,2025-02-04,,elit sodales scelerisque mauris sit amet eros suspendisse accumsan tortor quis turpis sed ante vivamus tortor duis mattis egestas
4422,2025-12-10,2695,lobortis est phasellus sit amet erat nulla tempus vivamus in felis eu sapien cursus vestibulum
6645,2025-06-17,2679,
6779,2025-06-16,,
5341,2026-02-06,,hac habitasse platea dictumst etiam faucibus cursus urna ut tellus nulla ut erat id
8202,2026-07-02,1190,
1978,2025-07-17,,suspendisse accumsan tortor quis turpis sed ante vivamus tortor duis mattis egestas metus aenean fermentum
7312,2025-07-03,3606,iaculis justo in hac habitasse platea dictumst etiam faucibus cursus urna ut tellus nulla ut erat id mauris
8294,2025-10-14,,mauris lacinia sapien quis libero nullam sit amet turpis elementum ligula vehicula consequat morbi a ipsum
4615,2025-08-15,3207,
3254,2026-08-14,1068,
5478,2025-04-01,1801,
6735,2025-04-20,,
1360,2025-02-14,6581,
4475,2026-01-06,2790,
6078,2025-09-24,9393,dui vel sem sed sagittis nam congue risus semper porta
9994,2025-09-17,8630,tortor quis turpis sed ante vivamus tortor duis mattis egestas metus aenean fermentum donec ut mauris eget
4318,2026-02-16,,id sapien in sapien iaculis congue vivamus metus arcu adipiscing molestie
5036,2025-03-26,,
8604,2026-07-30,,
3913,2025-06-24,,mauris lacinia sapien quis libero nullam sit amet turpis elementum ligula vehicula consequat morbi a ipsum integer
1848,2025-01-08,,
5361,2025-03-23,,penatibus et magnis dis parturient montes nascetur ridiculus mus etiam
3993,2025-03-20,4767,ac enim in tempor turpis nec euismod scelerisque quam turpis adipiscing lorem vitae mattis nibh ligula nec sem duis
4534,2025-09-15,3079,
4866,2025-03-17,9678,
7438,2025-04-02,,aenean auctor gravida sem praesent id massa id nisl venenatis lacinia
6403,2026-06-15,3307,nec sem duis aliquam convallis nunc proin at turpis a pede
6665,2025-02-03,4699,
2487,2025-09-07,,eget vulputate ut ultrices vel augue vestibulum ante ipsum primis in faucibus orci luctus et
4226,2026-06-12,,suspendisse potenti nullam porttitor lacus at turpis donec posuere metus vitae ipsum aliquam non mauris morbi non lectus aliquam
2115,2025-01-25,,
3460,2025-03-07,7084,justo sollicitudin ut suscipit a feugiat et eros vestibulum ac est lacinia nisi venenatis tristique fusce congue diam
8184,2025-05-10,,sollicitudin ut suscipit a feugiat et eros vestibulum ac est lacinia
8333,2025-01-17,9228,
6325,2025-12-21,3160,id ligula suspendisse ornare consequat lectus in est risus auctor
9149,2025-06-14,9987,molestie hendrerit at vulputate vitae nisl aenean lectus pellentesque eget nunc donec quis orci eget orci vehicula condimentum
5871,2026-07-06,,vel enim sit amet nunc viverra dapibus nulla suscipit ligula in lacus
9556,2025-02-22,,a feugiat et eros vestibulum ac est lacinia nisi venenatis tristique fusce congue
4777,2025-10-31,2333,in hac habitasse platea dictumst morbi vestibulum velit id pretium iaculis diam erat fermentum
6960,2025-09-26,,
9248,2025-07-21,,morbi non lectus aliquam sit amet diam in magna bibendum imperdiet nullam orci pede venenatis non sodales sed tincidunt
4608,2025-04-14,,nunc vestibulum ante ipsum primis in faucibus orci luctus et
2978,2026-07-16,,lobortis sapien sapien non mi integer ac neque duis bibendum morbi non quam nec dui luctus
7772,2026-07-19,,
9699,2025-08-29,,consequat in consequat ut nulla sed accumsan felis ut at dolor quis odio consequat varius integer ac leo pellentesque
4137,2026-05-29,,aliquam erat volutpat in congue etiam justo etiam pretium iaculis justo in hac habitasse
7683,2025-11-25,,in hac habitasse platea dictumst maecenas ut massa quis augue luctus tincidunt nulla
4508,2026-04-30,,eu massa donec dapibus duis at velit eu est congue elementum in hac
6316,2026-06-28,,consectetuer eget rutrum at lorem integer tincidunt ante vel ipsum praesent blandit
8707,2025-02-28,3744,
4711,2026-02-01,,
6752,2025-07-04,,massa donec dapibus duis at velit eu est congue elementum in hac habitasse platea dictumst morbi vestibulum
6399,2026-02-07,4138,quis augue luctus tincidunt nulla mollis molestie lorem quisque ut erat curabitur gravida
6869,2025-11-10,,
4682,2026-06-09,,
7480,2026-02-19,,
1724,2025-12-17,5013,
5830,2025-05-20,7168,posuere metus vitae ipsum aliquam non mauris morbi non lectus aliquam sit amet diam
1895,2025-04-22,,nulla ultrices aliquet maecenas leo odio condimentum id luctus nec molestie sed justo
9735,2025-03-31,,lacus morbi sem mauris laoreet ut rhoncus aliquet pulvinar sed nisl nunc rhoncus dui vel
1021,2025-11-26,9448,venenatis turpis enim blandit mi in porttitor pede justo eu massa
1816,2025-06-20,4841,
1827,2025-06-16,8186,
8977,2025-12-04,,sed vestibulum sit amet cursus id turpis integer aliquet massa id lobortis convallis tortor risus
8390,2025-01-26,1634,
3821,2025-03-16,,purus eu magna vulputate luctus cum sociis natoque penatibus et magnis dis parturient
6571,2025-12-29,8791,
6130,2025-01-11,,
6098,2026-08-09,,in blandit ultrices enim lorem ipsum dolor sit amet consectetuer adipiscing
9512,2025-03-11,,
2818,2025-01-17,7695,massa tempor convallis nulla neque libero convallis eget eleifend luctus ultricies eu nibh quisque id justo sit amet
9068,2025-04-24,,
7816,2025-10-23,,velit eu est congue elementum in hac habitasse platea dictumst morbi
7833,2025-11-19,,nisl nunc rhoncus dui vel sem sed sagittis nam congue risus semper porta volutpat quam pede lobortis ligula sit
3883,2026-05-25,7070,ut suscipit a feugiat et eros vestibulum ac est lacinia nisi venenatis tristique fusce congue diam id ornare imperdiet
4090,2026-06-01,,turpis nec euismod scelerisque quam turpis adipiscing lorem vitae mattis nibh ligula
1760,2025-08-19,,
7669,2026-03-13,7733,
8481,2025-09-18,,
4960,2026-01-13,,lorem quisque ut erat curabitur gravida nisi at nibh in hac
8275,2025-03-01,,
5692,2026-07-13,,
3187,2025-07-31,,
6885,2026-01-28,,orci luctus et ultrices posuere cubilia curae mauris viverra diam
1716,2025-07-18,,
6962,2026-08-09,,
7322,2026-08-17,,
1208,2026-04-10,,
7853,2026-05-15,,
4447,2026-01-13,,est risus auctor sed tristique in tempus sit amet sem fusce consequat nulla nisl nunc nisl duis bibendum felis
9689,2025-05-25,,nibh quisque id justo sit amet sapien dignissim vestibulum vestibulum ante ipsum primis in faucibus orci luctus et ultrices
2794,2026-05-18,2614,tortor sollicitudin mi sit amet lobortis sapien sapien non mi integer ac neque duis bibendum morbi non quam nec dui
2800,2026-02-04,,
5008,2025-03-27,7197,
7591,2025-04-27,3536,lacus at velit vivamus vel nulla eget eros elementum pellentesque
7824,2026-08-12,,pellentesque quisque porta volutpat erat quisque erat eros viverra eget congue eget semper rutrum nulla nunc
5453,2025-07-25,,
7303,2025-04-05,,
7195,2026-06-01,,vitae nisl aenean lectus pellentesque eget nunc donec quis orci eget orci vehicula condimentum curabitur in libero ut massa volutpat
9405,2025-05-13,,congue diam id ornare imperdiet sapien urna pretium nisl ut
3955,2025-07-05,5265,
4922,2025-03-23,,
3015,2025-07-29,,erat volutpat in congue etiam justo etiam pretium iaculis justo in hac habitasse
8234,2025-03-26,,
5040,2026-08-12,,orci mauris lacinia sapien quis libero nullam sit amet turpis elementum ligula vehicula consequat morbi a ipsum integer a
2918,2026-03-03,,
4024,2026-08-23,4434,
6036,2025-01-26,,et ultrices posuere cubilia curae nulla dapibus dolor vel est donec odio
4162,2026-07-11,6069,
6147,2025-08-14,9945,lacus purus aliquet at feugiat non pretium quis lectus suspendisse potenti in eleifend quam
5832,2026-07-22,,
5762,2025-09-27,,curabitur convallis duis consequat dui nec nisi volutpat eleifend donec ut dolor morbi vel lectus in quam fringilla
6667,2026-03-13,4856,
7904,2025-11-28,,luctus et ultrices posuere cubilia curae nulla dapibus dolor vel est donec odio
7298,2025-05-26,3786,quis justo maecenas rhoncus aliquam lacus morbi quis tortor id
9887,2025-03-04,3508,
5711,2025-05-28,4232,
8423,2025-10-27,1928,
4411,2025-12-05,,
5928,2025-07-07,,nullam sit amet turpis elementum ligula vehicula consequat morbi a ipsum integer a nibh in quis
5238,2025-09-12,,enim lorem ipsum dolor sit amet consectetuer adipiscing elit proin interdum mauris non
7721,2026-08-13,3440,
6984,2025-06-13,,
4710,2026-01-27,,vel enim sit amet nunc viverra dapibus nulla suscipit ligula in lacus
1981,2025-08-30,,
9270,2025-10-05,7092,
2803,2025-06-19,,at velit eu est congue elementum in hac habitasse platea dictumst morbi vestibulum
1955,2025-09-29,2686,
9038,2026-05-01,9900,
4466,2025-03-31,9119,
9207,2026-01-19,9907,at lorem integer tincidunt ante vel ipsum praesent blandit lacinia erat vestibulum
2680,2025-08-15,,
4398,2026-05-21,8177,
4480,2025-10-13,,at nulla suspendisse potenti cras in purus eu magna vulputate luctus
6460,2026-04-10,,volutpat sapien arcu sed augue aliquam erat volutpat in congue etiam justo etiam pretium iaculis justo in
1483,2025-06-17,,
4041,2025-06-30,3026,
7587,2025-04-18,,
4448,2026-03-23,,donec pharetra magna vestibulum aliquet ultrices erat tortor sollicitudin mi sit amet lobortis sapien sapien
7139,2026-02-06,8422,augue quam sollicitudin vitae consectetuer eget rutrum at lorem integer tincidunt ante
2040,2025-09-28,,donec posuere metus vitae ipsum aliquam non mauris morbi non lectus aliquam sit amet diam in
1981,2025-03-24,8640,
3883,2025-11-18,,
5793,2026-02-22,,
3521,2025-01-27,7654,
9470,2026-04-02,,bibendum imperdiet nullam orci pede venenatis non sodales sed tincidunt eu felis fusce posuere felis sed lacus morbi sem mauris
2563,2025-11-15,7558,
1950,2026-04-28,,fermentum justo nec condimentum neque sapien placerat ante nulla justo aliquam quis turpis eget elit sodales scelerisque mauris
3447,2025-10-20,5522,
6200,2026-02-14,,
6173,2025-02-25,1275,ultrices erat tortor sollicitudin mi sit amet lobortis sapien sapien non mi integer ac
8168,2026-05-15,8535,amet consectetuer adipiscing elit proin risus praesent lectus vestibulum quam sapien varius ut blandit non
8137,2026-07-06,,pede venenatis non sodales sed tincidunt eu felis fusce posuere felis sed lacus morbi sem mauris laoreet
5061,2025-06-20,9506,dolor sit amet consectetuer adipiscing elit proin interdum mauris non ligula pellentesque ultrices phasellus
5453,2026-05-19,4185,
6406,2026-05-12,5756,
1382,2026-08-07,,non quam nec dui luctus rutrum nulla tellus in sagittis
6900,2025-03-11,,
2574,2025-01-27,,
9978,2025-07-23,6269,
4730,2026-02-19,8250,
1798,2026-01-03,5147,vel sem sed sagittis nam congue risus semper porta volutpat quam pede lobortis
6697,2025-07-13,2511,sed interdum venenatis turpis enim blandit mi in porttitor pede justo eu massa donec dapibus duis at velit eu
5805,2025-11-01,,
4551,2026-06-17,8263,ullamcorper augue a suscipit nulla elit ac nulla sed vel enim sit amet nunc
5644,2026-05-16,,
6386,2026-04-21,,integer a nibh in quis justo maecenas rhoncus aliquam lacus morbi quis
2297,2026-09-02,,in faucibus orci luctus et ultrices posuere cubilia curae duis faucibus accumsan
1294,2026-02-28,7344,
7002,2026-03-22,,congue vivamus metus arcu adipiscing molestie hendrerit at vulputate vitae nisl aenean lectus pellentesque eget nunc donec quis orci eget
9726,2026-05-16,9632,
6806,2025-04-26,2477,justo sollicitudin ut suscipit a feugiat et eros vestibulum ac est lacinia nisi venenatis tristique fusce congue diam id
1027,2025-07-01,1630,donec ut dolor morbi vel lectus in quam fringilla rhoncus mauris enim
7469,2025-04-21,,
6264,2025-11-25,6117,
6480,2026-07-12,,sapien cum sociis natoque penatibus et magnis dis parturient montes nascetur ridiculus mus etiam vel augue vestibulum rutrum rutrum
5211,2025-09-19,,
1867,2026-07-04,,
3186,2025-01-11,4880,
1301,2025-12-03,3362,natoque penatibus et magnis dis parturient montes nascetur ridiculus mus etiam vel
8532,2025-05-19,3254,
5752,2025-07-22,,lectus pellentesque eget nunc donec quis orci eget orci vehicula condimentum curabitur in libero
2993,2026-02-20,,et ultrices posuere cubilia curae duis faucibus accumsan odio curabitur convallis duis consequat dui nec nisi
1918,2026-07-15,9304,ornare consequat lectus in est risus auctor sed tristique in tempus sit amet sem fusce consequat nulla nisl nunc
1532,2026-05-24,7114,
1327,2025-05-04,7108,vulputate vitae nisl aenean lectus pellentesque eget nunc donec quis orci eget orci vehicula condimentum curabitur in
2075,2025-09-19,3449,
3739,2025-05-10,,
3312,2025-10-13,,massa id nisl venenatis lacinia aenean sit amet justo morbi ut odio cras
1532,2025-06-02,,
4904,2025-11-28,9332,
2381,2025-01-21,8524,
9466,2025-03-07,,
5529,2025-03-06,3511,
9133,2026-06-05,8994,
1182,2025-01-06,,
8975,2026-08-24,,
7069,2025-10-05,3930,
3491,2025-01-31,4338,
4522,2025-09-02,,
6633,2025-07-16,,
4742,2026-04-13,,
8998,2025-03-02,,vel accumsan tellus nisi eu orci mauris lacinia sapien quis libero
3636,2025-07-24,,ut erat curabitur gravida nisi at nibh in hac habitasse platea dictumst
8148,2025-12-31,,
5132,2025-04-18,3535,curae mauris viverra diam vitae quam suspendisse potenti nullam porttitor lacus at turpis donec
8791,2025-05-30,,
6943,2025-12-15,3955,ultrices mattis odio donec vitae nisi nam ultrices libero non mattis pulvinar nulla pede
4239,2025-10-09,2808,cras mi pede malesuada in imperdiet et commodo vulputate justo in blandit
3937,2025-04-29,,pulvinar sed nisl nunc rhoncus dui vel sem sed sagittis nam congue risus semper porta volutpat quam pede lobortis ligula
5046,2025-11-08,,
5447,2026-05-23,,
2996,2025-03-15,,adipiscing elit proin interdum mauris non ligula pellentesque ultrices phasellus id sapien in sapien iaculis
5647,2025-10-15,,
3051,2025-05-10,6308,
1928,2026-07-31,6176,
2221,2026-02-26,9302,
2804,2026-05-23,,
3983,2025-04-11,5726,
2926,2025-03-13,3364,
2257,2025-05-02,1017,
1890,2025-06-20,,ultrices erat tortor sollicitudin mi sit amet lobortis sapien sapien non mi
7211,2025-01-21,6286,augue vestibulum rutrum rutrum neque aenean auctor gravida sem praesent id massa id nisl venenatis lacinia aenean
4078,2026-03-15,9123,
7690,2025-06-24,,
9217,2026-05-02,,auctor gravida sem praesent id massa id nisl venenatis lacinia aenean sit
5474,2026-07-21,8016,
2986,2026-08-26,6011,
1838,2026-05-22,,
2285,2025-05-04,,massa id lobortis convallis tortor risus dapibus augue vel accumsan tellus nisi eu orci mauris lacinia sapien quis libero
2431,2025-01-03,,
4561,2026-06-15,,
1086,2025-12-30,,
9790,2026-02-27,,
3654,2026-07-17,,gravida nisi at nibh in hac habitasse platea dictumst aliquam
1137,2025-07-22,,nec euismod scelerisque quam turpis adipiscing lorem vitae mattis nibh ligula nec sem duis aliquam convallis nunc proin at turpis
7132,2025-01-14,,
8561,2026-04-22,,
8520,2025-10-29,,sem fusce consequat nulla nisl nunc nisl duis bibendum felis sed interdum venenatis turpis enim blandit
7351,2026-05-10,,massa id lobortis convallis tortor risus dapibus augue vel accumsan tellus nisi eu orci mauris lacinia sapien
6696,2025-06-26,4995,et ultrices posuere cubilia curae nulla dapibus dolor vel est
6079,2026-01-24,,id mauris vulputate elementum nullam varius nulla facilisi cras non velit nec nisi vulputate nonummy maecenas tincidunt lacus at velit
4258,2025-07-04,,turpis enim blandit mi in porttitor pede justo eu massa donec dapibus duis at velit eu est congue elementum
6160,2026-06-17,,
4488,2026-09-01,,curabitur convallis duis consequat dui nec nisi volutpat eleifend donec ut dolor morbi vel lectus
9632,2025-08-10,,
7301,2026-06-15,,at nibh in hac habitasse platea dictumst aliquam augue quam sollicitudin vitae consectetuer
7249,2026-07-23,,
1482,2026-04-02,,
6178,2025-06-19,,lorem quisque ut erat curabitur gravida nisi at nibh in hac habitasse platea dictumst aliquam augue quam
6755,2025-07-19,,
5114,2026-03-03,,
8699,2025-10-16,7807,
2689,2025-05-15,1147,
5889,2025-08-10,,
4632,2025-09-17,8648,
4680,2025-11-10,,
1691,2026-01-15,6085,
8886,2026-01-01,,quis libero nullam sit amet turpis elementum ligula vehicula consequat morbi a ipsum integer a nibh in quis justo maecenas
7283,2025-06-28,,imperdiet nullam orci pede venenatis non sodales sed tincidunt eu felis fusce posuere felis sed lacus morbi sem mauris
2170,2025-09-21,9111,primis in faucibus orci luctus et ultrices posuere cubilia curae mauris viverra diam vitae
5717,2025-07-06,1369,
7221,2026-02-22,1055,
7730,2026-03-29,6036,
2800,2026-01-20,,
7000,2025-02-04,4697,
6737,2026-01-12,4024,eu orci mauris lacinia sapien quis libero nullam sit amet turpis elementum ligula vehicula consequat morbi a
6932,2025-09-08,,
6325,2025-07-04,2358,orci nullam molestie nibh in lectus pellentesque at nulla suspendisse potenti cras in
3532,2025-08-24,,cursus vestibulum proin eu mi nulla ac enim in tempor turpis nec euismod
2720,2025-06-16,,
5730,2026-02-12,,nullam orci pede venenatis non sodales sed tincidunt eu felis fusce posuere felis
7658,2025-07-27,5123,pretium quis lectus suspendisse potenti in eleifend quam a odio in hac habitasse platea dictumst
2795,2025-05-11,9149,
1012,2025-01-15,,
5906,2026-03-30,3320,ante vivamus tortor duis mattis egestas metus aenean fermentum donec ut
8812,2025-04-19,,
6614,2025-01-17,3142,
4478,2025-01-20,1984,nulla nunc purus phasellus in felis donec semper sapien a libero
8475,2026-05-21,,quis lectus suspendisse potenti in eleifend quam a odio in hac habitasse platea dictumst
8590,2025-02-02,,
7224,2026-07-18,,turpis donec posuere metus vitae ipsum aliquam non mauris morbi non lectus aliquam sit amet diam
6660,2025-11-10,4467,
7902,2025-06-29,,
8819,2026-05-23,,
5795,2025-03-20,,
7657,2025-06-26,,
9809,2026-05-24,7778,
3573,2025-03-06,,
8587,2026-05-23,,
5542,2025-02-07,7853,
8175,2025-11-08,7789,convallis eget eleifend luctus ultricies eu nibh quisque id justo
9098,2025-12-01,,
8870,2025-02-16,,
5370,2026-01-06,,cras in purus eu magna vulputate luctus cum sociis natoque penatibus et
6161,2025-02-20,,
5171,2025-05-31,,posuere nonummy integer non velit donec diam neque vestibulum eget vulputate ut ultrices vel augue
1420,2025-06-03,,mauris non ligula pellentesque ultrices phasellus id sapien in sapien iaculis congue vivamus metus arcu adipiscing
9056,2026-01-10,3833,
2113,2026-01-16,6059,
9080,2026-07-14,,
8100,2026-07-22,,
5315,2025-05-01,,
1591,2026-06-05,,
3230,2025-01-17,,ut massa quis augue luctus tincidunt nulla mollis molestie lorem quisque
5581,2026-02-18,,
1468,2026-02-10,,porttitor lorem id ligula suspendisse ornare consequat lectus in est risus auctor sed tristique in tempus
5730,2026-01-19,,
1376,2025-04-26,,nisi eu orci mauris lacinia sapien quis libero nullam sit amet turpis elementum ligula vehicula consequat morbi a
6785,2025-09-11,,velit id pretium iaculis diam erat fermentum justo nec condimentum neque sapien placerat ante nulla justo aliquam quis
9678,2025-08-08,,
5629,2025-11-28,,
9837,2026-04-13,,
2685,2026-04-13,,sapien urna pretium nisl ut volutpat sapien arcu sed augue
5324,2025-07-27,,a nibh in quis justo maecenas rhoncus aliquam lacus morbi quis tortor id nulla ultrices
8652,2025-05-16,9938,mi in porttitor pede justo eu massa donec dapibus duis at velit eu est congue elementum in hac
2258,2026-03-17,9054,
1043,2026-02-26,4150,
9671,2025-07-14,,
9716,2025-12-25,5761,ut odio cras mi pede malesuada in imperdiet et commodo vulputate justo
9758,2025-09-27,,libero ut massa volutpat convallis morbi odio odio elementum eu interdum eu tincidunt in leo
4145,2025-10-14,,nunc viverra dapibus nulla suscipit ligula in lacus curabitur at ipsum ac tellus
5060,2025-09-01,,
2772,2025-03-30,,
1119,2025-07-19,,
5809,2026-01-01,5885,penatibus et magnis dis parturient montes nascetur ridiculus mus etiam vel augue
5742,2025-10-06,1786,
4820,2026-03-27,,
6619,2025-08-17,,eleifend donec ut dolor morbi vel lectus in quam fringilla
8469,2025-01-30,,
8181,2025-11-17,1583,
7819,2026-04-14,,turpis elementum ligula vehicula consequat morbi a ipsum integer a
4009,2026-06-28,,
8068,2025-01-12,3133,vestibulum proin eu mi nulla ac enim in tempor turpis nec euismod scelerisque quam turpis adipiscing lorem vitae mattis nibh
6942,2025-11-29,,
8260,2025-11-16,,
2168,2025-06-05,,imperdiet nullam orci pede venenatis non sodales sed tincidunt eu felis fusce posuere felis sed lacus
5211,2025-08-14,,
1223,2026-01-10,6375,felis sed interdum venenatis turpis enim blandit mi in porttitor pede justo
1430,2025-05-21,5613,magna ac consequat metus sapien ut nunc vestibulum ante ipsum
8634,2025-02-01,,
9541,2025-02-23,,
8101,2025-12-06,8524,eros suspendisse accumsan tortor quis turpis sed ante vivamus tortor duis mattis egestas
3272,2026-03-24,3514,
5342,2025-04-13,3778,sed tincidunt eu felis fusce posuere felis sed lacus morbi sem
6748,2025-05-01,,
3842,2026-06-13,,dui nec nisi volutpat eleifend donec ut dolor morbi vel lectus in quam fringilla
8180,2025-06-06,,
3489,2026-06-09,2757,in leo maecenas pulvinar lobortis est phasellus sit amet erat nulla
5456,2025-09-05,5613,vel pede morbi porttitor lorem id ligula suspendisse ornare consequat lectus in
6130,2026-02-11,8086,
7499,2025-11-06,,
8524,2026-04-26,,vel augue vestibulum ante ipsum primis in faucibus orci luctus et ultrices posuere cubilia curae donec pharetra magna
7356,2026-01-08,,congue vivamus metus arcu adipiscing molestie hendrerit at vulputate vitae nisl
9008,2025-03-15,9446,eu tincidunt in leo maecenas pulvinar lobortis est phasellus sit amet erat nulla
9587,2025-08-20,6556,rutrum ac lobortis vel dapibus at diam nam tristique tortor eu
7662,2025-03-28,,
2970,2025-01-28,,laoreet ut rhoncus aliquet pulvinar sed nisl nunc rhoncus dui vel sem sed sagittis nam congue
2846,2026-06-13,1144,
9960,2026-07-06,,
2888,2025-12-24,,vel est donec odio justo sollicitudin ut suscipit a feugiat et eros vestibulum
1232,2026-03-19,7447,nulla neque libero convallis eget eleifend luctus ultricies eu nibh
5349,2025-11-28,,
9299,2025-12-27,,
2647,2026-07-03,5400,
8136,2025-06-13,8487,
8476,2025-01-28,3120,
2330,2025-11-10,6666,
5679,2025-06-09,,
3285,2025-01-23,2081,eros elementum pellentesque quisque porta volutpat erat quisque erat eros viverra
6806,2026-08-27,,nulla nunc purus phasellus in felis donec semper sapien a libero nam dui proin leo odio porttitor id consequat in
4342,2026-05-29,8339,
3183,2025-12-12,8161,odio elementum eu interdum eu tincidunt in leo maecenas pulvinar lobortis est
1510,2025-05-20,3287,in tempus sit amet sem fusce consequat nulla nisl nunc nisl duis bibendum felis
7503,2025-09-28,,
4698,2026-03-25,,pede posuere nonummy integer non velit donec diam neque vestibulum eget vulputate ut ultrices
1578,2025-10-17,1648,augue aliquam erat volutpat in congue etiam justo etiam pretium iaculis justo in hac habitasse platea dictumst etiam faucibus
3826,2026-06-10,2582,
3406,2026-05-27,9312,tristique fusce congue diam id ornare imperdiet sapien urna pretium nisl ut volutpat sapien arcu sed augue aliquam erat volutpat
1678,2025-11-25,,
2877,2026-06-20,,
3932,2026-03-08,,pulvinar nulla pede ullamcorper augue a suscipit nulla elit ac nulla sed vel enim sit amet nunc viverra
3613,2025-11-06,,
7832,2025-04-06,4953,est phasellus sit amet erat nulla tempus vivamus in felis eu sapien cursus vestibulum proin eu
3155,2025-01-31,,
8754,2025-10-15,,pretium nisl ut volutpat sapien arcu sed augue aliquam erat volutpat in congue etiam justo etiam pretium
4497,2025-11-21,3034,
1571,2025-04-16,,
1675,2026-07-25,,
4922,2025-01-02,8329,
9145,2025-03-16,,morbi non quam nec dui luctus rutrum nulla tellus in sagittis dui vel nisl duis ac nibh
7124,2025-12-30,6984,pulvinar nulla pede ullamcorper augue a suscipit nulla elit ac nulla sed
4775,2025-08-26,9275,
4913,2026-08-20,3906,nulla nisl nunc nisl duis bibendum felis sed interdum venenatis turpis
7491,2026-08-12,9764,
1522,2025-03-11,,nullam sit amet turpis elementum ligula vehicula consequat morbi a ipsum integer a nibh in
9608,2025-04-03,8544,
8396,2025-10-27,4090,
4591,2025-10-18,,
5491,2026-04-26,,
9916,2025-08-29,,eu interdum eu tincidunt in leo maecenas pulvinar lobortis est phasellus sit amet erat nulla tempus
3011,2025-11-28,3884,
6133,2025-07-22,,
9332,2025-07-28,9740,
4456,2025-09-22,5503,
7918,2025-12-26,,
3814,2026-07-31,4589,pede justo eu massa donec dapibus duis at velit eu est congue elementum in hac habitasse platea dictumst morbi vestibulum
2063,2025-05-16,,
8582,2025-01-31,,
8538,2026-08-05,,
5515,2026-08-10,7262,augue vestibulum rutrum rutrum neque aenean auctor gravida sem praesent id massa id
6042,2025-09-22,8118,bibendum morbi non quam nec dui luctus rutrum nulla tellus in sagittis
3237,2025-02-10,,
3457,2025-01-17,,amet eleifend pede libero quis orci nullam molestie nibh in lectus pellentesque at nulla suspendisse potenti
5644,2025-05-14,2148,
1895,2025-09-13,,mus etiam vel augue vestibulum rutrum rutrum neque aenean auctor gravida sem praesent id massa id nisl venenatis
6195,2025-03-03,,
7042,2025-06-12,,
8913,2025-02-05,5930,phasellus sit amet erat nulla tempus vivamus in felis eu sapien cursus vestibulum
1045,2025-04-09,,sapien ut nunc vestibulum ante ipsum primis in faucibus orci luctus et ultrices posuere cubilia curae mauris viverra diam vitae
1436,2025-02-16,,
1615,2025-07-31,,nonummy integer non velit donec diam neque vestibulum eget vulputate ut
4534,2026-03-19,5978,
8625,2026-04-04,8979,
8968,2025-02-06,,
6475,2026-05-20,,
6365,2026-01-17,3356,
5773,2025-04-06,,leo rhoncus sed vestibulum sit amet cursus id turpis integer aliquet massa id lobortis convallis tortor risus dapibus augue vel
3550,2026-08-30,,
2368,2025-06-15,,integer non velit donec diam neque vestibulum eget vulputate ut ultrices vel augue vestibulum ante ipsum primis in
5795,2026-06-12,8649,
3756,2025-03-21,,
8829,2026-04-26,,
9770,2026-05-15,,
6166,2026-05-13,,
6842,2026-02-09,,
5444,2025-03-06,8342,lobortis est phasellus sit amet erat nulla tempus vivamus in felis eu sapien cursus vestibulum proin eu mi nulla ac
3505,2025-12-30,3664,
6553,2026-08-08,4732,pulvinar nulla pede ullamcorper augue a suscipit nulla elit ac
3057,2026-07-23,,tortor id nulla ultrices aliquet maecenas leo odio condimentum id luctus nec molestie sed justo pellentesque viverra pede
9038,2025-08-02,,ornare imperdiet sapien urna pretium nisl ut volutpat sapien arcu sed augue aliquam erat volutpat
6920,2025-07-02,2521,
8181,2025-02-04,3848,
4158,2025-11-02,9249,
8783,2026-08-10,,id luctus nec molestie sed justo pellentesque viverra pede ac diam cras pellentesque volutpat dui maecenas
1549,2026-08-14,6112,
1024,2025-05-15,,montes nascetur ridiculus mus etiam vel augue vestibulum rutrum rutrum neque aenean auctor gravida sem praesent id
5029,2025-05-02,,
7965,2026-04-01,,
4731,2026-08-07,,
9568,2025-12-02,9981,nisl nunc rhoncus dui vel sem sed sagittis nam congue
2883,2026-04-30,,ante nulla justo aliquam quis turpis eget elit sodales scelerisque mauris sit amet eros suspendisse accumsan
8663,2025-05-17,,
6144,2025-11-07,4221,
6290,2026-05-10,2880,
6284,2025-06-18,,
4091,2025-05-06,5721,in eleifend quam a odio in hac habitasse platea dictumst maecenas ut massa quis augue luctus
7016,2026-03-01,4119,
3953,2026-03-21,,
7817,2025-01-05,8950,
2291,2025-09-07,,
7042,2026-05-20,,
9181,2026-03-03,,justo sollicitudin ut suscipit a feugiat et eros vestibulum ac est lacinia nisi venenatis tristique fusce congue
1460,2025-09-24,,dis parturient montes nascetur ridiculus mus vivamus vestibulum sagittis sapien
9442,2026-08-18,7779,
2199,2025-06-08,1960,ac nulla sed vel enim sit amet nunc viverra dapibus nulla suscipit
9776,2025-05-10,,
7290,2025-08-03,,cubilia curae duis faucibus accumsan odio curabitur convallis duis consequat dui nec nisi volutpat eleifend
9093,2025-04-04,5237,
5191,2026-08-20,,
9513,2025-02-28,2623,odio justo sollicitudin ut suscipit a feugiat et eros vestibulum ac est lacinia
3520,2026-05-25,,
4106,2025-10-07,,
8134,2025-01-04,,
5385,2026-04-14,,
4392,2025-12-20,,
7379,2026-03-17,,
4113,2025-04-17,4716,
9071,2026-04-15,,
3561,2026-07-17,8429,ut dolor morbi vel lectus in quam fringilla rhoncus mauris enim leo rhoncus sed vestibulum sit amet cursus id turpis
8649,2026-07-04,2202,
4684,2025-09-20,,
6642,2025-08-19,2711,elementum ligula vehicula consequat morbi a ipsum integer a nibh in quis justo maecenas
7510,2026-03-29,,
9982,2025-04-04,7979,
5672,2025-11-24,,ipsum praesent blandit lacinia erat vestibulum sed magna at nunc
4576,2025-06-26,8679,
4808,2025-03-31,6890,morbi non lectus aliquam sit amet diam in magna bibendum imperdiet nullam orci pede
5404,2025-10-20,,turpis donec posuere metus vitae ipsum aliquam non mauris morbi non lectus aliquam sit amet diam in magna bibendum imperdiet
2619,2025-04-27,2524,
1483,2026-08-17,,
1269,2026-04-24,,
1177,2026-02-01,,
2138,2025-06-13,,
2729,2025-04-22,3844,augue vestibulum rutrum rutrum neque aenean auctor gravida sem praesent id massa id nisl venenatis lacinia aenean sit amet justo
9971,2026-02-18,9098,justo nec condimentum neque sapien placerat ante nulla justo aliquam quis
4516,2026-01-19,6392,
6190,2026-08-07,,
5702,2026-06-04,,congue vivamus metus arcu adipiscing molestie hendrerit at vulputate vitae nisl aenean lectus pellentesque eget
1696,2025-07-13,,
2698,2025-01-05,,
5633,2026-02-17,,
1291,2025-03-17,,ac nibh fusce lacus purus aliquet at feugiat non pretium quis lectus suspendisse potenti in
9077,2026-01-17,4577,sem mauris laoreet ut rhoncus aliquet pulvinar sed nisl nunc rhoncus dui vel sem sed sagittis
6701,2025-10-18,,rutrum nulla nunc purus phasellus in felis donec semper sapien a libero nam dui proin leo odio porttitor
1941,2025-10-25,,vestibulum eget vulputate ut ultrices vel augue vestibulum ante ipsum primis in faucibus orci luctus
4505,2025-04-29,,
1670,2025-01-17,9813,nulla ac enim in tempor turpis nec euismod scelerisque quam turpis adipiscing
3055,2025-08-02,2662,
5042,2025-01-15,,
1489,2026-02-07,3457,
5389,2026-02-14,1049,ante ipsum primis in faucibus orci luctus et ultrices posuere
4011,2025-10-07,,ut nulla sed accumsan felis ut at dolor quis odio consequat varius integer ac
8756,2026-08-28,,ultrices posuere cubilia curae duis faucibus accumsan odio curabitur convallis duis consequat dui nec nisi volutpat
3950,2025-11-22,,
2725,2025-10-07,,
4880,2026-03-17,3570,
4110,2026-08-15,,
2584,2025-12-22,,
9935,2025-07-28,3167,
5055,2025-12-05,,
2676,2025-09-03,,odio curabitur convallis duis consequat dui nec nisi volutpat eleifend donec ut dolor morbi vel lectus in quam fringilla
2369,2025-11-29,,habitasse platea dictumst aliquam augue quam sollicitudin vitae consectetuer eget rutrum at lorem integer tincidunt ante vel ipsum
3408,2026-04-17,,
6303,2026-01-06,,
1771,2025-07-09,,
8362,2026-02-03,8196,
1909,2026-01-14,,
9559,2026-02-12,6330,ultricies eu nibh quisque id justo sit amet sapien dignissim
3114,2025-12-23,,
8382,2025-02-26,2513,vestibulum ante ipsum primis in faucibus orci luctus et ultrices posuere cubilia curae nulla dapibus dolor vel est donec odio
5231,2025-01-24,,
3952,2025-04-17,6625,
2702,2025-11-22,2132,
9299,2026-07-06,,
3581,2026-05-25,,
7046,2025-07-22,,
7138,2026-03-13,7049,
7387,2025-05-31,1316,morbi quis tortor id nulla ultrices aliquet maecenas leo odio
6472,2025-03-31,,
2123,2026-04-21,,
8780,2025-11-06,,
8307,2026-01-03,5959,mi sit amet lobortis sapien sapien non mi integer ac neque
3775,2025-03-09,5318,
3814,2025-03-19,,quisque id justo sit amet sapien dignissim vestibulum vestibulum ante ipsum primis in faucibus orci luctus et ultrices
4406,2025-03-07,7226,
1716,2026-01-08,1565,
7744,2025-06-09,,erat tortor sollicitudin mi sit amet lobortis sapien sapien non mi integer ac
2749,2025-02-10,,nulla tellus in sagittis dui vel nisl duis ac nibh fusce lacus purus aliquet at feugiat non
5274,2026-07-29,,
7559,2025-08-01,,
8478,2025-12-02,,quis orci nullam molestie nibh in lectus pellentesque at nulla
6907,2025-01-16,9597,
3177,2025-06-01,,quis tortor id nulla ultrices aliquet maecenas leo odio condimentum
5079,2026-05-16,,
5505,2026-03-18,9201,nullam porttitor lacus at turpis donec posuere metus vitae ipsum aliquam
5808,2025-09-22,,
8379,2026-08-07,,
4676,2026-03-03,1908,
7962,2026-05-11,,vel nisl duis ac nibh fusce lacus purus aliquet at feugiat
7525,2026-04-11,8311,orci luctus et ultrices posuere cubilia curae duis faucibus accumsan odio
1164,2025-01-28,,curae nulla dapibus dolor vel est donec odio justo sollicitudin ut suscipit a feugiat et eros vestibulum
7170,2026-02-14,,
7828,2025-05-12,,vulputate justo in blandit ultrices enim lorem ipsum dolor sit
4706,2026-03-20,5087,mi in porttitor pede justo eu massa donec dapibus duis at velit eu est congue elementum
6853,2026-07-13,,
1324,2026-07-31,4967,
7264,2025-11-13,,
7457,2026-02-20,,eget tempus vel pede morbi porttitor lorem id ligula suspendisse ornare
6161,2026-06-27,3923,fusce posuere felis sed lacus morbi sem mauris laoreet ut rhoncus aliquet pulvinar sed nisl nunc rhoncus dui vel sem
5245,2025-04-25,,
1079,2025-04-02,,
1147,2026-03-15,,
3748,2025-07-02,6252,
6885,2026-08-03,9650,luctus cum sociis natoque penatibus et magnis dis parturient montes
6136,2026-07-25,7984,
4695,2025-07-12,,
7501,2025-10-07,,
5223,2026-03-22,,
2040,2026-04-30,,mi sit amet lobortis sapien sapien non mi integer ac neque duis bibendum morbi non
1333,2025-02-20,,id justo sit amet sapien dignissim vestibulum vestibulum ante ipsum primis in
6715,2026-02-15,,felis donec semper sapien a libero nam dui proin leo odio porttitor id consequat
2162,2025-08-30,1252,
1594,2025-01-25,,
7409,2026-08-16,,
1395,2025-07-29,,
3933,2025-09-23,,id nisl venenatis lacinia aenean sit amet justo morbi ut odio cras mi
3087,2026-01-13,,
5736,2026-08-13,2035,cursus id turpis integer aliquet massa id lobortis convallis tortor risus dapibus augue vel accumsan tellus nisi eu orci mauris
9452,2025-06-10,,
5489,2025-07-04,,
6003,2026-01-04,1087,
4451,2025-04-22,,
4368,2026-02-21,,lectus suspendisse potenti in eleifend quam a odio in hac habitasse platea
5181,2025-11-03,,
2056,2025-04-27,,
7930,2025-06-03,,platea dictumst maecenas ut massa quis augue luctus tincidunt nulla mollis molestie lorem quisque ut erat curabitur
3189,2026-05-05,,
8617,2025-12-24,,
1144,2025-11-14,8271,ut erat id mauris vulputate elementum nullam varius nulla facilisi cras
1879,2026-06-19,,
5777,2026-04-14,,
9372,2025-11-17,4729,aliquam lacus morbi quis tortor id nulla ultrices aliquet maecenas leo odio condimentum id luctus nec molestie sed justo
9709,2025-11-19,,
1746,2026-01-21,,at feugiat non pretium quis lectus suspendisse potenti in eleifend quam a
7282,2025-02-15,,
2517,2025-12-11,,
8038,2026-08-11,,nisl duis bibendum felis sed interdum venenatis turpis enim blandit mi in porttitor pede justo
4851,2026-02-18,4976,ultrices posuere cubilia curae nulla dapibus dolor vel est donec odio justo sollicitudin ut suscipit a feugiat
7711,2026-04-09,,
3460,2026-03-06,,viverra diam vitae quam suspendisse potenti nullam porttitor lacus at turpis donec
1148,2026-04-12,7949,cum sociis natoque penatibus et magnis dis parturient montes nascetur ridiculus mus vivamus vestibulum sagittis sapien cum
6067,2025-11-20,,
2661,2025-03-30,,
7096,2025-10-04,5051,
9746,2025-01-03,3407,lacinia sapien quis libero nullam sit amet turpis elementum ligula
8175,2025-05-10,,
4294,2026-03-07,,
7982,2025-11-07,,
6556,2025-08-06,1699,
1452,2025-07-06,,sollicitudin ut suscipit a feugiat et eros vestibulum ac est lacinia nisi venenatis tristique fusce
5729,2026-01-13,,
6405,2026-01-22,7905,
8258,2025-06-02,,
5665,2026-08-17,1298,aliquet maecenas leo odio condimentum id luctus nec molestie sed justo pellentesque viverra pede
5269,2026-08-13,,
5800,2026-05-23,,
8653,2026-06-03,7949,
2787,2025-02-27,2959,
2465,2025-03-04,,congue risus semper porta volutpat quam pede lobortis ligula sit amet eleifend pede libero quis orci nullam molestie nibh in
4972,2025-07-11,,
2439,2025-09-03,,
1083,2026-03-04,,congue etiam justo etiam pretium iaculis justo in hac habitasse platea dictumst etiam faucibus cursus urna
6620,2025-08-28,,adipiscing elit proin interdum mauris non ligula pellentesque ultrices phasellus id sapien in sapien iaculis congue
8192,2026-06-02,9568,
1468,2025-05-08,7700,amet eleifend pede libero quis orci nullam molestie nibh in lectus pellentesque at nulla suspendisse potenti cras
9394,2025-12-04,,mattis nibh ligula nec sem duis aliquam convallis nunc proin at turpis a
4233,2025-12-26,5406,
3804,2025-11-25,,
4613,2025-06-23,9749,erat eros viverra eget congue eget semper rutrum nulla nunc purus phasellus in felis donec semper sapien a libero nam
6526,2025-10-28,3637,ligula in lacus curabitur at ipsum ac tellus semper interdum mauris ullamcorper purus sit amet nulla quisque arcu libero rutrum
4797,2025-06-22,,
9396,2025-09-02,6164,
9253,2026-07-16,5767,sit amet erat nulla tempus vivamus in felis eu sapien cursus vestibulum
4477,2025-10-13,,
3354,2025-01-01,2808,nam congue risus semper porta volutpat quam pede lobortis ligula sit amet eleifend pede libero quis orci nullam
1872,2025-09-23,,imperdiet et commodo vulputate justo in blandit ultrices enim lorem ipsum
3330,2025-04-08,4486,at vulputate vitae nisl aenean lectus pellentesque eget nunc donec quis orci eget orci vehicula condimentum
3279,2025-04-24,8585,
7271,2026-01-18,,
8824,2025-08-19,,
1245,2026-04-06,,lacinia aenean sit amet justo morbi ut odio cras mi
7906,2025-09-13,5409,
7711,2025-11-06,2532,
8803,2025-10-05,7198,lacus purus aliquet at feugiat non pretium quis lectus suspendisse potenti in eleifend
6478,2025-04-24,,platea dictumst aliquam augue quam sollicitudin vitae consectetuer eget rutrum at lorem integer tincidunt ante
6023,2026-06-25,,
5553,2025-02-25,,
6055,2025-11-14,4898,volutpat eleifend donec ut dolor morbi vel lectus in quam fringilla rhoncus mauris
8120,2025-10-24,2429,
1609,2025-05-07,1078,
9736,2025-07-04,,
8698,2025-09-20,,
6295,2025-08-15,5086,in hac habitasse platea dictumst aliquam augue quam sollicitudin vitae consectetuer eget rutrum at lorem
5561,2025-08-17,,
7607,2025-02-15,,id consequat in consequat ut nulla sed accumsan felis ut at dolor quis odio consequat varius integer ac
9836,2026-07-26,8428,
6077,2026-01-18,5071,
6080,2025-07-14,,
4808,2025-08-19,,
7018,2026-03-23,8388,penatibus et magnis dis parturient montes nascetur ridiculus mus vivamus vestibulum sagittis sapien cum sociis natoque penatibus et magnis
4931,2025-05-09,,
7549,2026-02-02,,orci luctus et ultrices posuere cubilia curae donec pharetra magna vestibulum aliquet ultrices erat tortor sollicitudin mi sit amet
1782,2026-05-06,,
7971,2026-06-24,,lacus morbi sem mauris laoreet ut rhoncus aliquet pulvinar sed nisl nunc rhoncus dui vel sem
6455,2025-10-25,,
2291,2025-02-21,7157,ante vestibulum ante ipsum primis in faucibus orci luctus et ultrices posuere cubilia curae duis faucibus accumsan odio curabitur convallis
5459,2025-01-29,,non velit donec diam neque vestibulum eget vulputate ut ultrices vel augue vestibulum ante
3095,2025-02-14,,felis sed lacus morbi sem mauris laoreet ut rhoncus aliquet pulvinar sed
7105,2025-07-15,,quis orci nullam molestie nibh in lectus pellentesque at nulla suspendisse potenti cras in purus eu magna vulputate
2762,2025-03-04,,vestibulum ac est lacinia nisi venenatis tristique fusce congue diam id ornare imperdiet sapien urna pretium nisl ut volutpat
5628,2025-08-07,7947,aliquet at feugiat non pretium quis lectus suspendisse potenti in eleifend quam a odio in hac habitasse platea
8652,2026-01-31,,
4275,2025-06-24,,
2268,2026-06-02,,
6747,2026-08-17,,
2907,2025-05-02,4795,molestie nibh in lectus pellentesque at nulla suspendisse potenti cras in purus eu magna vulputate luctus
2743,2025-12-05,,
5116,2025-04-25,,natoque penatibus et magnis dis parturient montes nascetur ridiculus mus etiam vel augue vestibulum rutrum rutrum neque aenean auctor gravida
9086,2026-03-22,,
1562,2026-06-13,,
6710,2025-09-02,9981,sollicitudin ut suscipit a feugiat et eros vestibulum ac est lacinia nisi venenatis tristique fusce congue diam id ornare
3735,2026-05-01,2966,
6971,2025-11-30,,sit amet consectetuer adipiscing elit proin interdum mauris non ligula pellentesque ultrices phasellus id sapien in sapien iaculis congue
2057,2026-01-04,4023,
2238,2025-09-04,,
3672,2025-06-26,7279,a suscipit nulla elit ac nulla sed vel enim sit amet nunc viverra dapibus nulla suscipit
4136,2025-12-12,2837,at nibh in hac habitasse platea dictumst aliquam augue quam sollicitudin vitae consectetuer eget rutrum at lorem integer tincidunt
3309,2026-07-26,9917,donec diam neque vestibulum eget vulputate ut ultrices vel augue
1647,2025-08-14,,
3106,2026-07-01,,
8009,2025-03-19,,tellus nulla ut erat id mauris vulputate elementum nullam varius nulla facilisi
8809,2025-09-15,8046,volutpat in congue etiam justo etiam pretium iaculis justo in hac habitasse platea dictumst etiam faucibus
3130,2025-11-28,,
7108,2025-06-02,5436,ut volutpat sapien arcu sed augue aliquam erat volutpat in congue etiam justo
6318,2026-04-05,6137,
4053,2025-10-02,1795,molestie nibh in lectus pellentesque at nulla suspendisse potenti cras in purus eu magna vulputate luctus
9615,2025-12-11,,
2002,2025-03-21,3256,
3523,2026-07-30,,congue diam id ornare imperdiet sapien urna pretium nisl ut volutpat sapien arcu sed augue aliquam erat volutpat in
3109,2026-03-24,,lacinia eget tincidunt eget tempus vel pede morbi porttitor lorem id ligula suspendisse ornare consequat lectus
4705,2025-02-17,,
1203,2026-04-09,,nulla tempus vivamus in felis eu sapien cursus vestibulum proin eu mi nulla ac enim in tempor turpis nec
3844,2026-03-27,,luctus et ultrices posuere cubilia curae donec pharetra magna vestibulum aliquet ultrices erat
5782,2025-12-08,,
1078,2025-04-29,3628,
2445,2026-03-24,,
3000,2026-04-18,,ultrices mattis odio donec vitae nisi nam ultrices libero non
6454,2026-03-26,3573,maecenas leo odio condimentum id luctus nec molestie sed justo pellentesque viverra pede
8881,2025-07-19,7693,in hac habitasse platea dictumst maecenas ut massa quis augue luctus tincidunt nulla mollis molestie lorem
8660,2026-03-25,,quam suspendisse potenti nullam porttitor lacus at turpis donec posuere metus vitae ipsum aliquam non mauris morbi non
1526,2025-11-02,,etiam faucibus cursus urna ut tellus nulla ut erat id mauris vulputate elementum nullam varius nulla facilisi cras
6057,2026-06-29,,
1519,2025-07-21,,
6902,2025-09-17,,vitae mattis nibh ligula nec sem duis aliquam convallis nunc proin at turpis a pede posuere nonummy
6111,2026-04-22,,
8235,2025-04-15,,
8125,2025-04-01,,nibh in lectus pellentesque at nulla suspendisse potenti cras in purus eu magna vulputate luctus cum sociis natoque penatibus et
3051,2025-01-03,,vestibulum sed magna at nunc commodo placerat praesent blandit nam nulla integer pede justo lacinia eget tincidunt eget tempus
9424,2025-10-04,,in hac habitasse platea dictumst etiam faucibus cursus urna ut tellus nulla ut erat id mauris vulputate elementum
4117,2026-03-19,,quis orci nullam molestie nibh in lectus pellentesque at nulla suspendisse potenti cras in purus eu magna vulputate luctus
4084,2025-10-29,5357,
2268,2025-11-23,,in faucibus orci luctus et ultrices posuere cubilia curae duis faucibus accumsan odio curabitur convallis duis consequat dui
5237,2025-02-04,,sapien urna pretium nisl ut volutpat sapien arcu sed augue aliquam erat volutpat in
2915,2026-07-04,1236,
6385,2025-02-20,6577,
7513,2026-02-11,,quam turpis adipiscing lorem vitae mattis nibh ligula nec sem
4090,2026-04-28,3809,
9370,2026-05-26,2168,in magna bibendum imperdiet nullam orci pede venenatis non sodales sed tincidunt
5984,2026-05-01,9499,
5046,2026-02-04,9613,vestibulum ante ipsum primis in faucibus orci luctus et ultrices posuere cubilia curae
6865,2025-04-03,2604,
8539,2025-07-19,5480,quam fringilla rhoncus mauris enim leo rhoncus sed vestibulum sit amet cursus id turpis integer aliquet massa id lobortis
4810,2026-03-30,,
3902,2025-04-08,,sagittis sapien cum sociis natoque penatibus et magnis dis parturient montes nascetur ridiculus
1040,2025-02-10,8367,
9723,2026-01-21,,
1725,2025-02-28,1940,
4419,2026-02-09,,a nibh in quis justo maecenas rhoncus aliquam lacus morbi quis tortor id nulla
3810,2025-02-05,,
2790,2025-09-15,,
1194,2025-10-31,3432,
6698,2025-03-07,,ipsum ac tellus semper interdum mauris ullamcorper purus sit amet
6650,2025-06-10,1042,
3507,2026-08-10,,
3007,2026-01-23,,id ornare imperdiet sapien urna pretium nisl ut volutpat sapien arcu
7221,2025-04-08,8181,
3890,2026-08-22,5475,
7967,2025-09-20,,
3528,2025-10-10,,
8527,2025-06-08,,
6456,2026-03-09,,est donec odio justo sollicitudin ut suscipit a feugiat et eros vestibulum ac est lacinia nisi venenatis tristique fusce
5078,2025-05-28,,
9342,2026-08-16,,
7249,2025-01-08,,vel augue vestibulum ante ipsum primis in faucibus orci luctus et ultrices posuere cubilia curae donec pharetra magna vestibulum aliquet
4105,2025-04-05,1419,turpis elementum ligula vehicula consequat morbi a ipsum integer a nibh
8699,2025-01-01,5288,
1452,2025-09-03,,
8274,2025-11-15,6374,
5141,2025-09-24,8900,mi in porttitor pede justo eu massa donec dapibus duis at velit eu est congue elementum in hac habitasse platea
6892,2025-11-01,,pharetra magna vestibulum aliquet ultrices erat tortor sollicitudin mi sit amet lobortis sapien sapien non
2799,2026-05-20,,
2627,2025-02-24,3505,
6866,2026-01-13,1459,
6912,2025-12-17,,accumsan tortor quis turpis sed ante vivamus tortor duis mattis egestas metus aenean fermentum donec
9401,2026-07-15,1172,dictumst morbi vestibulum velit id pretium iaculis diam erat fermentum justo nec condimentum neque sapien placerat ante nulla
4969,2025-06-23,,aenean fermentum donec ut mauris eget massa tempor convallis nulla neque libero convallis eget eleifend luctus ultricies eu
9125,2026-03-07,,
1157,2026-02-04,,
4175,2025-12-04,4065,
9662,2025-10-16,,
5105,2025-07-03,,dis parturient montes nascetur ridiculus mus vivamus vestibulum sagittis sapien cum sociis natoque penatibus et magnis
5575,2026-02-02,,molestie sed justo pellentesque viverra pede ac diam cras pellentesque volutpat dui maecenas tristique est et tempus
3182,2025-10-28,,
6651,2025-07-06,,odio cras mi pede malesuada in imperdiet et commodo vulputate justo in blandit ultrices enim lorem ipsum dolor
9821,2026-08-23,6675,
1121,2025-06-08,,
9258,2025-11-11,,
5443,2025-07-17,,
5186,2026-07-15,,
2044,2026-06-14,9945,
3199,2025-05-02,,
7617,2026-01-17,6834,dolor vel est donec odio justo sollicitudin ut suscipit a feugiat
1860,2026-03-10,,curae mauris viverra diam vitae quam suspendisse potenti nullam porttitor lacus at turpis donec posuere metus vitae ipsum aliquam non
8815,2025-07-06,,mi nulla ac enim in tempor turpis nec euismod scelerisque quam turpis adipiscing lorem vitae
6576,2026-08-22,,est risus auctor sed tristique in tempus sit amet sem fusce consequat nulla nisl nunc
3783,2025-03-24,,
9004,2026-06-28,,
6397,2025-02-10,,porttitor lacus at turpis donec posuere metus vitae ipsum aliquam non
3918,2026-03-03,,pede venenatis non sodales sed tincidunt eu felis fusce posuere felis sed
2236,2025-05-29,4020,
5181,2026-03-24,9903,
1457,2025-08-07,,
5305,2025-06-28,,
1246,2026-04-14,,
3645,2025-03-31,,
8707,2025-06-23,3407,
2022,2025-04-29,1767,
3542,2026-07-13,4448,quam a odio in hac habitasse platea dictumst maecenas ut massa quis augue luctus tincidunt
1044,2025-10-17,,
8599,2025-01-30,7559,
6464,2026-02-22,9716,elementum pellentesque quisque porta volutpat erat quisque erat eros viverra eget congue eget semper rutrum
7475,2025-06-22,,
7400,2025-07-10,8837,
9738,2026-02-15,,nulla pede ullamcorper augue a suscipit nulla elit ac nulla sed vel enim sit amet nunc viverra dapibus nulla suscipit
8413,2026-03-31,3468,
1516,2025-09-08,7904,sapien iaculis congue vivamus metus arcu adipiscing molestie hendrerit at vulputate vitae nisl aenean
5195,2025-11-22,,
3737,2025-11-19,,tincidunt eget tempus vel pede morbi porttitor lorem id ligula suspendisse ornare consequat lectus in est
5873,2026-02-17,1998,
8729,2026-03-28,,
6568,2025-04-13,,
7460,2025-05-07,2306,pede ullamcorper augue a suscipit nulla elit ac nulla sed vel enim sit amet nunc
3867,2025-05-25,,metus vitae ipsum aliquam non mauris morbi non lectus aliquam sit amet diam in magna bibendum imperdiet nullam orci
9805,2025-06-06,,curabitur in libero ut massa volutpat convallis morbi odio odio elementum eu interdum eu tincidunt
5008,2026-04-30,5409,turpis enim blandit mi in porttitor pede justo eu massa donec dapibus duis at velit eu est congue
6071,2025-01-01,,eu est congue elementum in hac habitasse platea dictumst morbi vestibulum velit
1196,2026-05-17,,
3546,2025-06-20,7440,
4639,2025-03-19,,
7408,2026-04-04,,
8520,2025-04-07,,
3014,2026-01-13,,eu magna vulputate luctus cum sociis natoque penatibus et magnis dis parturient montes nascetur ridiculus mus vivamus vestibulum
9622,2026-04-23,7864,
1547,2025-04-21,,
3714,2025-05-02,7142,
9433,2026-03-25,,quam sapien varius ut blandit non interdum in ante vestibulum ante ipsum primis in faucibus
6943,2025-09-13,,
2665,2025-05-21,,vitae mattis nibh ligula nec sem duis aliquam convallis nunc proin at turpis a pede posuere nonummy
3553,2026-08-31,8654,
3665,2025-02-09,6390,
2930,2025-06-28,,velit nec nisi vulputate nonummy maecenas tincidunt lacus at velit vivamus vel nulla eget eros elementum
7725,2025-10-30,,
9671,2025-11-21,5315,
4236,2025-02-01,8449,
7531,2025-08-10,,amet diam in magna bibendum imperdiet nullam orci pede venenatis non sodales sed tincidunt eu felis fusce posuere felis
