depositId,depositTime,businessDate,salesAreaName,voucherNumber
7542,2025-06-27 19:41:23,2025-10-08,Outdoors,64725-1438
5720,2025-09-20 17:21:32,2025-12-21,Toys,48951-8052
1714,2026-01-17 19:11:00,2025-09-27,Garden,43063-352
1482,2026-03-27 16:44:24,2025-11-13,Health,67296-0616
7077,2026-05-16 09:05:28,2025-06-29,Beauty,41190-660
2562,2026-05-31 01:42:07,2025-07-15,Grocery,55154-4604
2286,2026-01-05 01:03:10,2025-04-30,Sports,10191-1457
6470,2025-05-03 22:30:26,2025-10-12,Automotive,36987-1340
8956,2025-08-05 13:10:23,2025-03-24,Health,41250-213
1434,2025-07-27 08:24:41,2025-07-07,Games,42472-887
4742,2026-08-12 17:18:54,2026-05-03,Computers,0409-3217
3822,2025-08-16 09:06:22,2025-08-18,Health,52261-0206
4158,2025-08-07 04:57:17,2026-01-09,Electronics,64616-082
5204,2025-12-11 15:56:36,2026-06-18,Kids,0026-3797
7582,2025-06-08 09:09:29,2026-04-04,Music,44338-001
8865,2025-07-09 02:29:41,2025-02-03,Clothing,58128-0001
2871,2026-06-19 00:59:12,2026-01-09,Shoes,49349-997
5819,2025-07-20 17:22:04,2025-01-15,Beauty,66915-610
3631,2025-07-02 05:03:30,2025-08-15,Computers,49715-004
3997,2025-01-10 22:11:11,2026-04-03,Tools,50666-004
3604,2025-10-22 18:16:36,2025-12-13,Jewelry,0603-6348
5491,2025-09-17 03:34:21,2026-04-06,Toys,0093-0657
1090,2026-04-30 17:46:14,2025-05-25,Beauty,0169-7065
8029,2025-05-19 18:30:55,2025-01-22,Sports,63629-3377
3989,2026-07-12 15:41:10,2025-12-25,Computers,54868-3327
5181,2026-06-26 05:27:30,2025-04-28,Books,60505-2575
2566,2025-03-25 11:17:57,2025-09-08,Computers,0378-6124
1242,2026-01-03 16:48:53,2026-07-05,Outdoors,31645-147
6996,2025-08-29 02:42:58,2025-04-08,Health,53808-0388
6712,2026-07-09 11:54:42,2026-05-18,Electronics,51655-114
4222,2025-05-03 21:09:24,2025-12-10,Computers,60505-2740
6288,2026-03-29 09:49:05,2026-03-20,Movies,0338-0013
7444,2026-08-16 03:12:22,2025-04-21,Automotive,55154-4743
4355,2025-04-20 06:02:57,2025-02-05,Books,0310-6530
2610,2025-07-22 09:30:01,2026-07-21,Tools,54753-001
1841,2026-04-10 22:55:41,2025-04-10,Health,64376-650
4249,2025-10-30 09:37:37,2025-07-13,Clothing,51346-079
2721,2025-06-03 04:22:13,2026-04-10,Books,56062-184
8741,2025-06-30 00:59:56,2025-06-25,Shoes,49288-0079
8681,2025-11-09 22:47:38,2025-02-02,Home,53499-8333
4933,2025-09-07 08:44:15,2026-04-11,Books,0268-1106
8664,2025-01-02 10:12:04,2025-12-31,Music,24236-837
1314,2026-06-30 10:22:49,2025-03-16,Shoes,65954-769
2071,2025-09-15 16:16:19,2025-02-21,Industrial,12830-754
3619,2025-05-12 13:01:50,2026-03-11,Books,49288-0765
5039,2025-11-27 10:17:23,2026-03-10,Books,54305-313
4556,2025-06-12 11:19:10,2025-07-19,Health,43846-0014
4047,2026-02-17 14:14:19,2026-03-21,Movies,68094-193
2879,2025-12-27 01:19:13,2026-02-15,Books,0228-2899
8790,2025-04-26 18:49:10,2025-04-04,Outdoors,36987-2155
8674,2025-07-05 00:54:57,2025-01-11,Music,66215-403
1165,2025-04-20 12:44:43,2025-03-29,Beauty,53346-1376
2492,2025-01-06 10:35:20,2026-04-24,Clothing,37000-710
6509,2025-12-10 19:04:39,2026-03-08,Home,49288-0423
8833,2026-07-28 10:58:45,2025-01-19,Health,31722-220
6019,2025-01-13 14:25:11,2026-05-08,Home,67046-221
2585,2025-07-04 11:30:30,2025-01-23,Computers,43419-398
6028,2026-08-24 08:13:38,2025-03-16,Health,0406-8315
8023,2025-02-12 04:16:44,2026-07-05,Kids,68703-029
2727,2025-03-05 12:26:32,2025-08-27,Kids,42507-161
5288,2025-03-08 09:29:25,2026-08-01,Computers,60905-0025
3370,2025-04-20 10:10:51,2025-03-27,Garden,48951-4019
7147,2025-04-16 19:13:38,2025-03-29,Computers,68094-503
3193,2025-08-04 19:00:35,2025-08-16,Movies,67781-251
8196,2026-04-03 15:41:23,2026-02-05,Sports,23155-045
6175,2025-11-01 12:00:30,2026-06-24,Books,62011-0090
5940,2026-07-12 03:32:01,2026-04-20,Books,37205-538
5338,2026-03-03 06:35:32,2026-04-12,Tools,10056-990
6614,2025-02-28 04:19:59,2026-07-27,Books,0378-0825
7244,2025-10-14 12:32:53,2026-08-28,Electronics,47682-829
7285,2025-07-29 15:50:28,2025-03-24,Tools,68682-709
8365,2025-09-13 14:00:25,2025-03-12,Kids,53462-275
6093,2025-12-18 17:57:07,2026-01-15,Garden,68599-2302
8494,2026-08-24 01:35:49,2025-10-13,Books,0338-1144
8409,2026-02-20 11:38:42,2025-04-30,Health,43526-101
4967,2025-12-05 22:34:15,2026-01-06,Computers,50804-191
6324,2025-10-28 21:52:48,2025-01-27,Games,42638-7666
8971,2025-12-11 03:44:22,2026-04-22,Outdoors,64406-803
7134,2025-08-02 19:50:31,2025-04-19,Tools,41250-699
8268,2025-09-05 16:51:34,2026-05-07,Jewelry,55154-1495
1425,2025-04-26 08:19:26,2025-08-11,Home,58232-0317
6366,2026-08-02 17:09:42,2026-08-29,Home,0378-2025
7953,2026-05-10 23:41:26,2026-02-15,Computers,11822-3300
5637,2026-08-22 16:25:42,2026-04-30,Industrial,49643-398
1565,2025-11-23 23:10:06,2026-03-27,Garden,11822-2461
7526,2025-07-26 21:39:42,2025-10-24,Jewelry,42248-117
4742,2026-08-06 15:57:03,2026-07-15,Movies,10544-202
5019,2025-12-31 16:28:26,2025-08-27,Jewelry,0054-0547
6123,2026-05-13 17:14:42,2026-05-23,Toys,60760-124
8065,2025-01-17 06:21:08,2025-05-23,Tools,36987-2043
8020,2025-06-23 10:09:13,2026-02-20,Movies,0440-7026
4342,2026-08-04 17:52:53,2026-05-15,Garden,36987-2564
6803,2025-06-02 18:40:31,2026-03-03,Tools,24208-430
8853,2025-11-25 02:30:57,2026-02-07,Beauty,0517-2315
1016,2025-07-13 02:09:12,2025-05-10,Outdoors,49035-071
8315,2025-05-03 08:10:12,2026-02-05,Books,0904-6409
4183,2025-10-18 20:45:35,2025-06-16,Baby,75848-0300
3118,2025-12-29 23:16:21,2025-09-22,Industrial,50114-6129
3812,2026-01-10 02:38:59,2025-10-08,Beauty,68737-240
5793,2026-04-20 11:26:58,2025-01-04,Computers,59779-151
3654,2025-03-28 07:01:16,2025-07-21,Computers,49288-0454
3515,2025-09-26 21:35:15,2025-10-13,Games,42254-132
4432,2025-02-04 03:36:46,2026-01-24,Home,49288-0412
5482,2026-08-02 15:33:36,2026-04-07,Home,36987-1932
2968,2026-03-04 22:26:34,2025-05-31,Outdoors,65044-2677
8971,2025-11-08 10:57:55,2025-01-28,Home,0268-1605
3269,2026-04-02 00:27:06,2025-04-28,Kids,59627-002
8071,2025-03-31 09:40:52,2026-01-06,Beauty,55910-139
1792,2025-06-10 08:33:45,2026-01-27,Health,43419-730
4148,2025-07-31 10:43:31,2025-03-07,Automotive,57520-0040
7892,2025-09-10 09:13:29,2025-07-23,Garden,54340-986
8382,2025-10-29 07:14:57,2025-06-20,Kids,63323-401
3881,2025-10-26 10:49:31,2025-01-31,Electronics,52054-550
4787,2026-05-24 04:36:51,2025-03-21,Shoes,51079-806
5551,2025-11-03 10:28:10,2026-02-24,Sports,54868-5313
4442,2025-02-26 12:23:37,2026-06-27,Books,63824-455
5722,2025-02-09 08:59:30,2025-05-01,Beauty,36800-076
6756,2025-07-27 04:36:21,2025-01-02,Outdoors,55289-984
3745,2025-09-03 17:00:24,2025-05-02,Kids,51079-547
8426,2025-09-07 13:37:27,2026-05-17,Automotive,68745-1037
6361,2025-07-14 15:26:41,2026-02-05,Tools,0078-0473
5388,2025-03-15 20:09:02,2025-08-07,Automotive,57520-0134
6138,2025-01-05 13:09:15,2026-05-15,Baby,58494-002
4325,2025-05-08 00:39:07,2026-04-28,Health,0781-3167
8397,2025-03-05 22:26:24,2025-10-05,Health,59779-088
6462,2025-06-27 14:53:43,2025-01-11,Beauty,54569-0646
1323,2025-02-27 12:25:59,2026-09-02,Shoes,42291-607
7005,2025-02-19 18:18:51,2025-04-02,Baby,42926-121
6718,2026-04-15 13:56:42,2026-06-27,Beauty,13537-369
1110,2025-03-15 02:18:21,2025-12-26,Computers,51824-032
2901,2026-06-11 14:59:18,2025-09-30,Games,49781-087
6970,2026-05-07 06:45:17,2025-10-27,Electronics,63824-319
1321,2025-12-20 04:54:53,2026-02-06,Jewelry,54838-105
5916,2026-03-04 16:07:13,2025-08-24,Kids,16571-421
8738,2026-08-02 02:01:39,2025-09-25,Music,42508-256
3925,2026-01-06 19:29:45,2025-08-13,Outdoors,63629-1497
2629,2025-10-07 07:06:14,2025-09-27,Beauty,52125-171
4739,2025-08-21 23:42:11,2025-12-28,Electronics,0615-2595
4024,2026-03-07 10:52:01,2026-08-24,Clothing,35356-212
5742,2026-03-04 23:08:56,2025-07-14,Shoes,0135-0150
3953,2026-07-14 09:06:03,2025-12-13,Outdoors,57955-1805
3956,2025-01-16 05:18:41,2025-11-30,Movies,0093-7148
8476,2026-08-16 18:50:19,2026-07-26,Kids,41520-002
1439,2025-07-11 07:00:35,2025-03-31,Movies,36987-1424
2712,2026-09-02 01:58:31,2025-05-11,Tools,11673-008
8051,2025-02-22 22:00:47,2025-12-23,Garden,36800-063
6682,2025-05-31 20:40:12,2025-11-22,Industrial,13537-041
4887,2025-08-27 18:17:49,2026-03-29,Health,13537-295
7874,2025-08-21 16:40:22,2025-07-03,Clothing,54868-2438
5925,2026-04-05 03:29:20,2025-06-10,Outdoors,68828-074
8506,2025-12-17 03:42:17,2026-02-03,Music,48871-002
1614,2026-08-13 05:51:42,2026-01-05,Music,47593-491
1541,2025-11-20 22:18:22,2026-07-12,Automotive,36800-579
7952,2026-07-26 23:01:23,2025-10-19,Sports,43857-0306
7446,2026-02-06 12:20:04,2025-11-19,Health,0904-5047
6901,2026-07-29 21:42:04,2026-08-03,Electronics,53645-1091
7372,2025-08-25 03:09:17,2025-04-09,Music,65044-5128
3441,2025-09-06 07:30:16,2026-04-26,Tools,55154-4978
5487,2025-07-14 17:29:31,2025-03-20,Movies,63187-010
3110,2025-06-08 16:56:36,2026-06-16,Jewelry,55111-291
2018,2026-05-29 23:18:06,2025-05-17,Home,66129-111
1009,2025-01-19 06:46:59,2025-07-19,Garden,62856-177
2739,2026-08-26 19:50:05,2025-11-26,Computers,51693-001
1073,2025-07-13 01:03:16,2025-07-25,Baby,65162-668
6753,2025-03-26 02:26:30,2025-08-29,Clothing,42291-312
1457,2025-08-19 18:52:49,2026-01-31,Industrial,65862-312
6701,2026-05-03 02:03:05,2026-02-17,Tools,51138-039
8485,2025-07-15 05:07:34,2025-05-31,Music,16729-139
6355,2025-05-10 18:43:38,2026-06-02,Shoes,55312-181
6149,2026-08-09 03:07:36,2025-06-20,Jewelry,51811-363
5968,2026-06-11 09:45:42,2026-08-08,Tools,58668-0961
4557,2025-02-11 23:50:50,2026-03-31,Tools,63261-250
3428,2025-07-03 01:57:55,2026-07-28,Outdoors,49726-032
6189,2026-02-22 16:18:17,2026-06-28,Beauty,42291-686
5268,2025-09-12 13:27:44,2026-06-19,Industrial,54973-3097
1084,2025-12-20 18:37:50,2026-01-05,Music,42507-130
8510,2025-07-28 21:38:29,2026-06-01,Home,49349-591
2056,2026-01-30 07:48:05,2025-11-10,Games,52959-743
5923,2025-02-06 01:58:51,2025-02-19,Toys,33992-8806
1852,2026-07-09 21:05:55,2025-11-23,Jewelry,68180-351
3410,2025-08-28 08:19:31,2025-12-24,Books,0363-0132
3429,2026-06-11 20:09:11,2025-05-01,Baby,65977-5039
5870,2026-07-24 18:30:16,2026-01-23,Tools,0113-0355
5472,2026-05-24 05:52:50,2025-07-23,Grocery,42254-282
3363,2026-07-07 18:53:43,2025-04-30,Sports,16590-320
7820,2025-08-11 12:08:14,2026-04-03,Grocery,43269-635
2998,2025-11-11 02:39:24,2025-07-20,Health,76485-1018
5425,2025-02-26 12:54:57,2026-05-20,Automotive,50228-112
2297,2025-05-26 01:11:56,2026-02-15,Kids,51514-0331
5343,2026-01-29 02:24:50,2026-02-18,Health,53808-0222
7900,2026-07-09 16:53:15,2025-05-01,Garden,43948-4001
8775,2025-04-14 10:24:01,2025-12-30,Books,36987-2966
5403,2025-02-13 16:50:57,2026-06-05,Music,60505-0157
8092,2025-10-16 02:37:18,2025-12-02,Toys,16729-019
5563,2025-06-11 09:30:34,2025-09-11,Movies,48951-3050
3984,2025-08-18 20:36:46,2025-04-22,Toys,58593-285
1027,2025-07-05 03:46:18,2026-04-13,Grocery,76470-004
5543,2025-06-04 21:57:57,2026-01-15,Home,76245-220
3425,2026-03-26 11:45:21,2026-04-29,Shoes,23155-245
2952,2026-03-23 03:52:35,2025-04-20,Clothing,11822-9023
7057,2025-02-16 15:23:55,2025-03-23,Shoes,57520-1003
3392,2025-02-16 21:08:11,2025-11-04,Baby,0074-0522
6389,2026-07-04 17:11:21,2026-06-09,Toys,53346-1355
8693,2025-12-08 00:43:05,2025-07-17,Clothing,0268-0057
5464,2025-06-12 12:25:52,2025-08-10,Jewelry,68599-5302
5443,2025-09-14 20:24:22,2025-06-19,Beauty,60986-1004
5855,2025-09-27 17:08:55,2026-06-21,Jewelry,10096-0243
8241,2025-05-06 07:50:24,2026-06-21,Shoes,0456-1201
8765,2025-09-05 15:28:58,2026-03-09,Jewelry,63645-161
6433,2025-10-22 04:50:22,2025-07-14,Tools,59630-701
3446,2026-08-24 18:59:47,2026-03-03,Grocery,0228-2895
8458,2026-07-28 01:47:05,2025-11-14,Automotive,50988-176
6308,2025-07-16 08:14:54,2025-06-29,Industrial,52118-001
2719,2025-09-26 10:04:30,2025-05-11,Tools,66116-810
1044,2025-07-12 13:33:39,2026-03-04,Outdoors,60512-6009
1099,2025-06-09 22:52:24,2025-11-22,Home,37808-146
8665,2025-08-23 20:48:22,2026-07-20,Computers,55154-4782
4699,2025-08-22 04:00:33,2025-01-07,Toys,58177-681
1013,2025-03-16 02:38:10,2025-11-20,Baby,58232-0529
4204,2025-12-18 22:04:05,2026-03-14,Beauty,0168-0803
6186,2026-02-20 11:30:43,2025-02-07,Garden,53346-1368
6902,2026-01-22 10:13:39,2025-06-10,Automotive,54305-909
7490,2025-10-14 16:09:51,2025-02-16,Industrial,50845-0125
7588,2026-07-26 08:57:51,2025-01-29,Industrial,51079-300
2064,2025-06-23 18:02:38,2026-03-22,Clothing,43353-693
6342,2025-01-12 12:52:46,2025-08-15,Grocery,0363-0955
1914,2025-07-24 08:17:55,2025-05-20,Sports,58232-9907
8092,2026-08-19 23:59:36,2025-03-12,Home,68113-520
5146,2025-09-21 18:53:40,2025-11-22,Tools,75909-120
4951,2026-04-17 10:36:47,2025-03-31,Toys,65862-288
6485,2025-01-31 16:15:28,2026-08-05,Garden,45802-594
1996,2025-05-15 03:38:24,2025-10-17,Kids,76519-1017
2195,2026-04-10 08:54:13,2025-03-04,Outdoors,57520-0069
8562,2026-08-24 19:41:30,2026-02-04,Beauty,63739-432
3511,2026-04-21 11:53:15,2025-01-06,Games,68084-256
3643,2025-08-19 23:52:50,2025-03-07,Shoes,52584-155
3096,2025-11-03 19:49:18,2026-01-08,Games,49349-721
4925,2026-01-02 17:15:51,2025-12-19,Kids,37205-205
4919,2026-01-17 17:27:10,2025-10-04,Books,0517-0131
2401,2025-12-11 05:17:21,2025-11-15,Grocery,66579-0028
8493,2026-05-28 12:34:18,2026-02-19,Computers,64141-019
6471,2026-05-09 14:10:40,2025-01-20,Games,0268-6705
6595,2026-07-27 03:31:37,2026-03-21,Automotive,21695-315
6579,2026-08-21 09:15:54,2025-05-22,Health,0054-0019
8861,2025-02-02 13:01:52,2026-05-17,Outdoors,54569-1556
2787,2025-11-18 11:31:36,2026-04-12,Garden,52125-578
3590,2025-11-21 12:58:35,2025-05-21,Games,49999-140
5391,2025-01-23 21:56:07,2026-06-21,Health,0363-0404
7372,2026-06-07 00:10:16,2025-02-24,Garden,57883-403
5992,2025-03-31 23:36:04,2026-01-29,Kids,58668-4091
1713,2025-03-01 23:59:18,2025-06-06,Industrial,36987-2703
5680,2025-09-06 15:55:40,2025-03-17,Beauty,36987-3074
3974,2025-01-03 05:25:48,2025-02-27,Jewelry,63941-317
2838,2026-06-18 21:13:31,2025-11-28,Electronics,21695-747
4148,2026-02-23 22:07:22,2025-09-01,Movies,54218-800
1523,2025-05-23 23:43:15,2025-07-18,Outdoors,68084-630
2425,2025-03-10 16:13:41,2025-10-13,Health,67046-917
2201,2026-06-22 10:25:55,2025-06-09,Beauty,36987-1580
3528,2026-07-05 05:50:36,2025-12-10,Jewelry,33992-0010
4046,2025-02-22 09:32:16,2025-02-28,Tools,16590-294
8355,2026-03-21 22:41:24,2025-03-18,Clothing,98132-180
6161,2025-11-30 08:55:48,2026-03-03,Clothing,52244-020
5723,2026-08-20 19:47:52,2025-08-08,Jewelry,64942-1221
3356,2025-11-16 11:25:43,2026-08-27,Movies,57243-535
1344,2026-02-28 11:19:46,2025-11-17,Automotive,51285-692
2307,2025-08-27 06:35:16,2025-03-08,Kids,10019-988
6382,2025-01-13 09:02:52,2026-07-17,Home,49349-031
5630,2026-02-19 00:08:02,2025-08-31,Computers,57627-137
7555,2025-09-23 22:19:53,2025-04-25,Clothing,59630-760
6656,2025-02-21 02:55:05,2026-07-22,Grocery,47682-079
8362,2025-01-05 00:45:16,2025-02-21,Outdoors,55714-4584
1491,2026-08-23 08:34:19,2025-01-20,Automotive,24794-222
5367,2025-06-29 11:38:22,2025-03-26,Jewelry,10742-8597
1827,2025-01-29 05:37:27,2026-07-01,Tools,0168-0424
7814,2025-04-01 20:29:00,2025-12-28,Health,0409-2998
4474,2025-01-10 14:11:09,2026-02-04,Beauty,46122-223
5712,2026-02-23 03:56:17,2025-12-24,Garden,57896-649
1489,2026-05-26 21:52:26,2025-04-10,Electronics,68084-225
8531,2025-12-25 10:02:41,2025-02-10,Books,68479-300
8951,2025-05-29 14:35:24,2026-02-19,Automotive,11559-001
1696,2025-03-30 08:50:18,2026-05-20,Automotive,49288-0016
4404,2026-01-05 15:04:23,2025-01-12,Tools,63029-662
2065,2026-05-05 04:02:21,2025-11-19,Books,30142-079
6404,2025-05-17 02:07:59,2026-02-18,Sports,55154-4962
1775,2025-02-05 07:43:26,2025-05-27,Toys,49288-0942
4144,2026-03-29 03:20:44,2026-06-20,Outdoors,0519-1229
3542,2025-04-26 05:11:19,2025-10-15,Shoes,55111-661
4468,2025-08-13 20:03:25,2025-01-13,Electronics,0615-1359
5383,2025-01-07 08:11:41,2026-06-19,Baby,65293-007
1769,2025-08-13 08:58:15,2026-08-11,Health,11673-571
4360,2025-03-17 11:19:34,2025-05-02,Jewelry,0409-7982
5660,2025-04-22 00:41:08,2025-09-27,Health,53489-177
2508,2026-08-16 14:43:49,2025-08-21,Jewelry,51467-006
8789,2026-04-25 12:27:42,2026-01-01,Baby,30142-971
5046,2026-03-10 21:54:31,2026-06-25,Electronics,36987-1757
4600,2025-12-19 09:08:12,2025-12-06,Sports,63629-1618
3195,2025-12-29 08:22:14,2025-09-01,Health,49288-0374
8413,2025-06-01 02:29:30,2025-07-10,Books,63539-014
5305,2025-06-19 09:34:43,2026-01-11,Outdoors,63629-1742
2943,2025-10-31 07:42:19,2025-10-16,Toys,65044-2635
7112,2026-06-15 11:31:54,2025-09-01,Books,49738-479
2548,2025-03-05 05:16:18,2026-08-26,Sports,54868-5585
3971,2026-06-24 12:37:30,2025-07-13,Beauty,61010-1112
7925,2026-02-21 15:35:38,2025-12-27,Automotive,49817-1994
8091,2025-05-02 10:55:27,2025-02-09,Computers,55289-390
6805,2025-01-19 23:08:28,2025-10-23,Industrial,30142-461
4440,2025-03-17 12:52:51,2026-03-23,Games,41250-365
3117,2026-06-28 12:05:30,2025-08-07,Garden,42002-514
1171,2026-04-16 16:07:31,2025-11-28,Garden,61919-824
2590,2026-01-18 18:15:32,2025-09-04,Games,41520-244
1268,2025-05-08 21:01:27,2025-09-22,Music,24909-143
6488,2026-06-08 11:20:22,2026-06-19,Tools,52862-100
6762,2026-06-27 18:37:10,2025-03-13,Jewelry,49288-0217
8530,2026-02-04 04:54:55,2025-02-09,Garden,57520-0522
5733,2025-06-22 16:10:57,2025-07-01,Tools,0517-0790
3442,2025-07-06 09:22:40,2025-05-06,Computers,0049-3190
4674,2025-01-17 14:40:55,2026-03-16,Clothing,0904-5801
5297,2026-08-22 22:23:46,2026-09-02,Kids,55282-1001
8591,2025-09-21 01:42:21,2026-01-02,Games,54868-0276
1748,2025-03-31 17:47:13,2025-09-02,Home,68025-071
1560,2025-08-28 22:29:32,2026-04-22,Health,58118-0693
2306,2025-09-21 03:27:14,2026-02-04,Movies,49852-302
8148,2026-04-04 12:37:59,2025-07-08,Toys,63323-273
6285,2025-10-26 20:25:18,2026-01-23,Health,42893-050
1330,2026-08-22 02:29:34,2025-10-20,Sports,64942-1182
6406,2025-11-08 08:43:22,2026-01-18,Kids,51672-4047
8236,2026-08-30 02:11:41,2026-01-01,Baby,63868-262
3377,2025-04-18 08:02:24,2026-05-01,Grocery,55648-785
2622,2025-02-14 22:39:23,2025-10-28,Industrial,42507-311
6137,2025-05-02 03:01:52,2026-02-02,Shoes,48951-7071
7827,2026-06-04 15:07:55,2026-08-24,Home,0591-2520
7011,2026-07-21 16:17:02,2025-08-13,Computers,52410-3025
1010,2025-04-14 06:59:35,2026-05-31,Books,62584-977
8788,2025-07-10 06:21:10,2025-10-12,Outdoors,51672-2003
5598,2025-02-01 01:36:41,2025-11-19,Tools,10812-503
1747,2025-08-04 03:33:31,2025-03-10,Books,51706-504
1286,2026-08-29 18:49:51,2025-09-20,Outdoors,30142-111
7695,2026-02-23 14:07:10,2025-12-14,Movies,41250-139
8108,2026-05-06 08:58:46,2025-08-23,Tools,55513-028
2686,2026-01-10 19:55:21,2025-01-27,Automotive,66658-102
5181,2025-04-27 22:50:12,2026-07-18,Outdoors,55111-288
7195,2025-11-28 22:05:29,2025-07-21,Shoes,47219-104
1400,2026-04-22 12:57:51,2025-04-29,Movies,41250-311
1208,2025-09-04 14:59:58,2025-05-06,Electronics,51285-408
8621,2025-11-15 09:49:19,2025-09-09,Computers,53329-043
1941,2025-01-22 23:54:13,2026-06-30,Industrial,68084-447
3816,2026-02-19 05:16:02,2026-06-28,Tools,21695-490
8903,2025-03-19 05:53:45,2025-04-12,Jewelry,49643-411
2647,2026-01-30 10:32:35,2026-06-14,Outdoors,67510-0303
6258,2025-10-06 19:38:07,2025-03-14,Beauty,53808-0766
2081,2026-07-15 17:52:30,2026-07-03,Sports,49349-547
5787,2025-09-06 21:24:30,2025-03-20,Automotive,36987-1159
6990,2025-08-31 07:45:37,2026-06-20,Movies,0517-6202
3332,2026-04-06 01:22:37,2025-08-05,Garden,67659-085
7922,2026-06-18 03:38:53,2025-04-04,Books,35356-968
5390,2025-01-10 06:46:27,2025-03-26,Sports,61957-1089
8770,2025-12-14 17:17:59,2025-11-09,Music,52125-717
7077,2026-08-10 07:30:07,2026-04-30,Shoes,60505-0823
3546,2026-01-26 02:55:37,2025-07-24,Shoes,68196-299
4989,2026-01-06 15:03:58,2025-05-31,Kids,14783-272
2552,2026-04-21 14:12:01,2026-05-14,Garden,76174-130
1131,2025-06-07 14:23:34,2025-12-07,Automotive,21695-750
8421,2025-12-04 03:24:48,2025-07-24,Sports,24839-348
1352,2025-01-22 23:04:50,2026-07-12,Home,62802-103
2848,2026-03-19 09:38:54,2025-07-24,Tools,69020-205
7891,2025-08-26 12:01:56,2026-03-20,Grocery,52533-098
8859,2026-02-02 15:47:30,2026-07-29,Garden,58118-0906
7949,2026-08-24 13:25:12,2025-02-27,Toys,36987-2364
3407,2025-04-23 11:44:42,2026-06-19,Computers,41190-731
4756,2026-04-05 09:24:17,2025-06-21,Outdoors,0280-2000
1516,2026-08-24 12:00:43,2026-08-21,Garden,63739-549
2801,2025-03-06 17:36:14,2026-03-30,Jewelry,67877-119
7844,2026-04-21 01:00:37,2026-04-09,Shoes,52685-367
6228,2026-04-01 01:19:06,2025-07-11,Jewelry,51991-837
1962,2025-05-30 08:14:26,2025-12-02,Grocery,42248-104
1388,2026-07-08 06:17:13,2025-12-17,Electronics,27854-103
5733,2025-10-01 13:52:38,2025-11-27,Beauty,10454-711
3504,2025-06-11 13:08:13,2026-06-18,Industrial,10578-017
3051,2025-03-14 17:15:27,2025-12-10,Automotive,54458-967
3217,2026-05-22 22:20:33,2025-09-05,Beauty,63459-402
4215,2026-07-02 10:12:55,2025-03-25,Garden,68745-2007
7381,2026-03-26 11:33:41,2026-05-18,Books,43063-372
8696,2025-11-02 03:19:34,2026-05-24,Baby,68210-0400
5314,2025-08-31 05:53:04,2025-05-26,Jewelry,43526-113
7056,2026-01-03 01:16:58,2026-05-15,Grocery,66467-2002
6119,2025-03-18 06:15:12,2026-08-06,Music,0168-0407
8250,2025-06-20 12:24:23,2026-03-21,Industrial,0615-1359
7214,2025-04-22 17:37:14,2025-03-04,Sports,0078-0592
2020,2025-10-23 12:16:56,2025-07-10,Shoes,68084-635
7456,2026-02-26 21:25:41,2025-10-31,Games,30142-863
7783,2025-06-01 22:27:18,2025-12-25,Beauty,30056-007
5674,2026-02-18 00:57:39,2026-06-11,Sports,21695-322
2643,2025-11-17 02:32:50,2025-02-08,Computers,68382-260
2739,2026-07-17 10:42:18,2025-02-24,Garden,68703-112
6726,2026-05-06 12:43:41,2026-06-11,Movies,36987-1095
3310,2025-09-20 21:43:27,2026-08-26,Toys,0093-4234
6672,2026-07-06 15:35:32,2026-07-19,Clothing,42291-761
8472,2025-09-19 09:09:31,2025-02-28,Automotive,0268-0870
2490,2025-01-31 15:06:55,2025-05-21,Electronics,0781-1436
4461,2026-04-22 13:40:40,2025-12-03,Garden,64942-1246
1016,2026-05-12 23:32:20,2026-04-22,Toys,64725-0604
1016,2025-03-22 03:29:41,2025-11-05,Garden,76168-009
6927,2025-02-28 00:25:06,2025-06-24,Clothing,49908-173
6703,2026-05-27 05:48:28,2026-03-14,Shoes,55648-993
5482,2026-08-12 13:23:38,2025-07-27,Toys,16714-021
6513,2026-06-06 00:11:30,2025-04-24,Jewelry,48878-4041
6689,2026-05-21 16:58:26,2026-05-18,Shoes,54569-5360
1000,2026-06-05 12:37:39,2026-05-31,Music,52584-463
7203,2025-04-29 08:35:09,2026-03-26,Music,55910-571
3307,2026-02-20 08:14:41,2025-04-22,Books,63629-1623
5007,2026-02-11 13:05:18,2026-04-24,Garden,54868-5296
3373,2025-02-13 06:07:02,2025-08-14,Movies,16571-012
3772,2025-06-29 18:03:36,2026-06-29,Health,43128-115
3219,2025-04-11 15:23:02,2025-05-30,Grocery,59779-900
1606,2025-01-22 01:23:51,2025-09-17,Computers,37808-430
7267,2026-08-22 00:45:07,2025-01-10,Sports,42497-086
8509,2025-04-15 06:42:20,2025-10-29,Baby,11822-3207
1786,2025-03-26 12:30:46,2026-02-21,Jewelry,65582-100
2116,2025-06-24 15:46:51,2026-08-12,Clothing,0268-0897
4755,2025-11-08 08:25:37,2026-05-21,Tools,41250-462
8733,2025-07-01 11:16:34,2025-02-24,Industrial,55154-3955
2079,2026-05-03 20:50:35,2025-12-04,Outdoors,66685-1002
1005,2025-10-25 17:40:00,2026-01-23,Computers,64257-515
5809,2025-03-11 08:50:49,2025-09-21,Music,33261-876
8271,2026-07-29 00:26:09,2026-07-06,Toys,57955-0980
5516,2025-04-04 07:51:10,2025-11-24,Shoes,0781-5189
5054,2025-01-15 15:24:59,2026-04-27,Electronics,43063-239
6918,2026-05-30 20:22:43,2026-03-17,Health,0179-1969
1439,2026-04-26 02:23:52,2025-12-12,Computers,68828-057
3856,2025-08-25 04:28:11,2025-05-01,Industrial,59762-1414
2634,2026-02-15 20:28:15,2026-07-05,Games,66336-168
5942,2026-04-23 04:26:06,2025-12-13,Grocery,99207-130
3963,2025-05-22 02:36:26,2025-12-18,Electronics,49288-0354
1176,2026-02-04 12:51:29,2025-01-30,Automotive,0143-9665
8658,2026-04-24 17:34:23,2025-01-16,Toys,54868-5534
7138,2025-08-24 16:32:05,2026-05-17,Baby,54591-001
5679,2025-07-22 06:19:52,2025-03-17,Outdoors,75936-113
5381,2026-04-05 20:09:07,2025-08-11,Outdoors,76420-755
2955,2026-04-12 18:43:10,2025-11-10,Movies,23667-003
7559,2026-06-07 06:56:16,2026-01-04,Beauty,51285-138
2032,2025-04-28 19:31:59,2026-08-30,Garden,51345-051
2753,2025-09-24 00:26:49,2026-08-16,Baby,50383-311
1746,2026-07-19 20:05:58,2026-08-26,Sports,59746-384
2007,2026-02-24 20:32:56,2025-12-17,Music,0268-1502
2611,2025-01-16 14:36:47,2026-06-25,Home,36987-2711
6140,2026-02-04 13:31:44,2026-03-17,Sports,42507-181
6050,2026-07-14 04:23:14,2026-06-27,Music,63629-5428
6646,2025-05-28 19:25:47,2025-07-10,Computers,54868-2264
4527,2025-02-03 18:07:31,2025-12-14,Baby,11822-0200
7984,2026-08-18 22:52:37,2025-04-21,Computers,54868-0159
7240,2025-05-26 04:45:46,2026-03-25,Books,44087-1113
2019,2026-05-03 23:38:44,2026-04-12,Home,68382-070
4648,2026-07-28 18:25:33,2026-08-24,Clothing,43857-0314
2142,2026-05-23 20:30:27,2025-08-04,Outdoors,0406-3243
8473,2025-06-09 01:14:50,2026-03-09,Industrial,42023-131
5182,2025-04-16 17:34:41,2025-05-11,Garden,49693-1306
7700,2026-04-04 14:57:21,2025-01-28,Books,57520-0590
6673,2026-04-02 17:34:00,2025-05-12,Toys,68428-039
2238,2026-05-15 22:13:38,2025-11-27,Kids,49288-0796
1354,2025-04-24 04:23:41,2026-04-17,Home,13537-216
5378,2026-02-08 10:59:00,2026-05-21,Jewelry,52685-409
6981,2025-08-15 01:32:35,2025-05-10,Beauty,55316-396
6946,2026-07-03 18:24:56,2026-02-23,Baby,54973-3107
1285,2026-03-30 10:40:43,2025-02-05,Home,68788-9513
2233,2025-06-21 02:29:06,2025-09-18,Computers,0378-9645
2547,2025-01-16 18:30:56,2026-01-09,Automotive,55154-5705
1108,2026-07-10 05:01:09,2025-09-24,Garden,0832-1214
7372,2026-04-01 22:32:06,2026-08-22,Outdoors,60512-6464
2877,2026-01-23 02:03:27,2025-12-31,Music,68645-465
6788,2025-03-01 09:45:01,2025-06-19,Home,51523-113
7262,2025-11-20 17:01:08,2025-03-10,Games,30142-707
8673,2025-05-10 12:10:43,2025-03-22,Outdoors,0168-0243
3410,2026-08-08 16:36:16,2025-06-22,Automotive,68745-1050
3784,2025-06-26 00:20:10,2026-06-14,Jewelry,54473-255
8137,2025-09-11 21:24:39,2025-06-17,Jewelry,10147-0911
1892,2025-11-13 21:07:37,2025-02-16,Automotive,0378-0412
2910,2025-05-27 10:39:59,2026-02-09,Baby,51444-004
5779,2025-06-24 05:18:42,2025-05-07,Toys,52301-365
3075,2025-03-05 00:40:00,2025-11-18,Shoes,51143-124
7759,2026-03-21 10:10:49,2025-12-08,Electronics,55648-780
3379,2025-01-23 17:07:01,2026-06-26,Kids,54868-6175
6935,2026-07-27 02:59:49,2026-04-01,Books,13537-123
8501,2026-07-07 11:17:43,2025-12-14,Health,57664-362
1365,2025-04-23 13:51:47,2026-04-03,Books,63739-350
5471,2026-07-01 01:23:45,2026-02-19,Movies,54738-116
6055,2026-08-05 23:22:00,2026-02-28,Outdoors,59011-420
7669,2025-02-17 09:34:52,2025-03-23,Sports,65044-3585
2943,2026-07-24 19:14:58,2026-03-05,Industrial,63629-4068
3560,2025-08-12 21:56:03,2026-03-05,Tools,59779-502
7351,2026-08-10 05:11:36,2025-04-27,Shoes,69152-0070
8495,2025-02-24 20:15:05,2026-05-01,Shoes,46708-209
5044,2025-02-06 07:06:40,2025-07-11,Kids,0023-0312
8246,2026-07-14 00:02:28,2025-10-12,Jewelry,59779-612
2499,2025-05-01 07:25:12,2025-08-21,Grocery,0517-2064
8892,2026-03-10 17:27:47,2025-10-19,Music,68712-010
2011,2026-02-16 18:44:48,2025-04-25,Computers,59779-751
5733,2026-01-26 13:07:04,2025-01-01,Industrial,51824-002
2346,2025-05-11 16:46:26,2025-04-08,Automotive,54622-104
1157,2026-05-16 17:55:14,2026-05-25,Automotive,62175-310
7426,2026-06-19 20:46:33,2026-03-03,Shoes,10158-985
8713,2025-12-11 05:20:38,2026-06-09,Computers,60505-2604
6053,2026-03-11 03:42:34,2025-09-21,Health,64127-114
8174,2026-04-01 19:30:39,2026-07-16,Music,43269-713
2914,2026-03-25 06:07:35,2026-08-14,Electronics,59779-811
8632,2025-07-11 22:45:33,2025-02-13,Baby,43742-0205
2004,2025-07-28 18:31:55,2025-11-06,Beauty,17856-5180
7580,2025-12-23 00:04:32,2025-05-13,Baby,52125-580
1849,2026-05-29 10:40:07,2025-05-05,Movies,51991-771
2558,2025-01-22 07:18:14,2025-10-19,Sports,36987-3073
3727,2025-09-01 16:49:55,2025-05-30,Beauty,10237-695
6911,2025-02-23 22:12:11,2025-08-21,Shoes,37205-665
3948,2025-05-21 00:26:40,2026-08-27,Health,65044-1787
6451,2026-05-24 14:12:59,2025-11-27,Beauty,59115-102
1929,2025-01-15 06:43:13,2025-10-02,Clothing,36987-1153
4237,2026-08-05 16:10:14,2025-10-26,Toys,0363-0091
4061,2025-11-21 18:33:32,2025-10-02,Baby,68113-114
2677,2025-03-16 05:41:35,2025-03-30,Jewelry,0555-0302
8782,2025-12-13 02:20:39,2025-08-01,Clothing,67544-102
4909,2026-02-13 04:12:16,2026-08-01,Shoes,68546-142
7264,2025-06-20 05:10:21,2025-05-06,Books,0363-0271
7744,2025-06-09 21:13:20,2026-03-15,Kids,54868-5639
5555,2025-06-15 02:21:54,2025-04-11,Music,43857-0225
6669,2025-05-02 17:19:28,2025-10-22,Garden,0409-6140
4576,2025-12-19 13:00:29,2026-01-30,Grocery,60512-8022
3680,2026-07-29 14:37:14,2026-04-02,Jewelry,49349-950
7909,2025-07-15 13:15:46,2025-11-27,Tools,68084-587
8147,2026-08-05 18:14:00,2025-01-16,Automotive,0054-0106
7220,2026-05-05 15:49:01,2025-11-14,Automotive,66336-815
2324,2026-05-19 06:10:21,2026-01-28,Grocery,51655-875
6481,2025-08-02 23:35:52,2026-01-14,Kids,37000-020
5795,2026-06-22 01:57:04,2026-01-18,Health,13925-508
8718,2025-02-19 09:48:46,2026-03-30,Books,51079-153
7071,2025-11-13 16:11:23,2025-09-23,Beauty,67919-020
4893,2026-08-03 15:39:47,2026-07-03,Electronics,50845-0113
3763,2025-12-31 10:18:29,2025-05-12,Electronics,49358-550
2324,2025-02-08 03:53:31,2025-08-15,Shoes,42254-117
8146,2025-04-03 10:35:47,2025-02-04,Automotive,51672-4038
6463,2026-08-08 14:53:20,2025-05-09,Beauty,64679-172
4527,2025-08-13 03:08:01,2025-05-21,Industrial,51596-006
7199,2026-01-06 12:20:53,2026-02-06,Beauty,61957-0800
6321,2026-06-14 08:05:52,2025-06-12,Jewelry,61442-232
6515,2025-02-03 03:29:36,2025-01-20,Sports,62856-797
8135,2025-06-15 20:47:09,2026-08-09,Music,76282-321
6849,2025-11-05 19:49:07,2026-05-26,Baby,12753-930
3916,2026-02-18 02:25:41,2025-07-24,Computers,61722-062
8592,2025-02-22 08:54:47,2025-07-01,Music,60505-0129
2591,2026-02-04 18:12:30,2025-07-18,Outdoors,54868-5887
8899,2025-12-11 10:39:11,2026-07-28,Music,0268-1022
1381,2025-01-11 22:04:42,2026-03-29,Jewelry,36987-3319
6629,2025-06-12 13:33:51,2025-06-22,Shoes,10237-746
6281,2025-04-07 20:55:29,2026-07-11,Computers,0143-1265
5050,2026-04-08 21:47:13,2026-08-12,Kids,63433-894
6151,2025-02-01 05:43:56,2025-09-08,Kids,0363-0871
7408,2026-08-25 04:23:42,2025-06-30,Computers,0378-0187
3609,2026-05-08 21:34:25,2025-11-23,Electronics,54575-451
8052,2026-02-25 06:43:30,2025-02-20,Tools,60432-093
7195,2025-07-06 21:00:36,2025-02-05,Clothing,41520-227
3355,2026-02-24 02:16:41,2026-04-15,Health,68428-134
4776,2025-11-21 12:38:02,2026-02-27,Toys,0143-9788
5321,2025-04-20 00:00:39,2026-08-12,Baby,57520-0447
4641,2025-03-12 16:56:01,2025-01-19,Baby,66993-472
8107,2025-04-14 19:45:40,2025-10-15,Jewelry,0472-1630
5167,2026-03-17 07:57:36,2026-02-03,Movies,55111-551
2593,2025-07-08 15:18:04,2026-06-25,Sports,0591-0657
7436,2026-01-04 17:34:22,2025-08-01,Kids,49288-0113
3077,2026-08-02 15:05:09,2026-04-03,Outdoors,49288-0355
6697,2026-03-17 14:31:18,2026-05-31,Outdoors,69106-020
6348,2026-07-28 19:33:35,2025-04-04,Tools,50242-087
3884,2025-07-10 03:09:54,2025-06-11,Toys,0603-9388
6071,2026-07-20 06:34:41,2025-01-25,Automotive,43598-322
1579,2026-05-01 14:04:51,2026-05-25,Grocery,36800-428
3796,2025-11-25 01:34:42,2026-07-08,Movies,52533-059
7754,2025-01-06 09:45:49,2026-05-05,Home,13107-045
2961,2026-05-07 08:49:07,2025-09-01,Books,67296-0678
4901,2025-02-15 01:55:48,2026-02-07,Toys,49349-942
7303,2025-12-29 15:31:28,2025-09-28,Baby,59667-0082
1250,2025-05-28 03:52:54,2025-10-06,Music,16590-545
1931,2025-12-05 16:24:25,2025-11-06,Home,56062-678
4366,2025-12-02 20:04:12,2025-10-12,Tools,46122-241
2028,2025-07-02 14:12:52,2025-10-12,Music,55714-2325
1164,2026-02-15 18:16:15,2025-12-22,Jewelry,58118-0658
8351,2025-02-02 07:50:52,2025-09-11,Computers,51655-876
2876,2025-06-23 02:46:14,2026-02-04,Jewelry,36987-2957
4137,2025-06-29 07:13:12,2026-02-02,Automotive,51621-010
3254,2025-06-18 22:57:40,2026-02-17,Sports,36800-970
5800,2026-07-19 00:58:42,2026-01-23,Movies,33992-5111
4923,2025-06-23 03:04:38,2026-06-15,Books,54569-1154
6533,2026-05-10 02:27:55,2026-06-27,Automotive,45802-101
8429,2025-02-01 17:03:28,2025-01-10,Grocery,29500-9085
6949,2025-10-04 18:58:34,2026-05-31,Industrial,16590-421
4316,2025-01-19 04:17:11,2025-09-16,Toys,51143-153
8882,2025-06-24 10:48:21,2026-02-02,Tools,0904-5895
3414,2025-11-21 23:04:18,2025-07-26,Home,11716-1192
8126,2025-11-26 12:12:19,2026-05-08,Outdoors,0008-0843
8194,2025-07-29 06:38:24,2025-10-10,Electronics,43353-763
6707,2025-07-03 12:46:09,2026-06-19,Electronics,49288-0586
2238,2026-03-08 11:48:58,2025-07-14,Industrial,49514-076
5179,2025-01-27 16:27:22,2026-05-29,Movies,63868-256
6098,2025-04-07 08:13:51,2025-05-10,Jewelry,55910-693
6974,2025-12-20 17:29:59,2025-09-27,Movies,67659-082
3034,2025-10-08 15:20:28,2025-01-30,Movies,60760-301
3174,2025-09-08 20:05:29,2026-04-11,Industrial,57955-5133
4966,2025-04-17 02:02:44,2025-12-22,Beauty,64038-944
8170,2025-05-26 20:01:28,2026-04-09,Shoes,60691-114
2388,2025-03-12 01:40:29,2025-09-27,Computers,17089-337
3281,2025-08-10 22:44:54,2026-01-16,Games,0032-3016
4456,2025-08-13 14:19:27,2025-01-20,Games,49580-0142
3817,2025-11-18 02:56:29,2026-03-27,Books,0781-5221
1025,2026-07-06 09:34:58,2025-10-05,Automotive,53304-0302
4905,2026-06-10 18:23:10,2026-05-11,Music,10742-1233
5285,2026-08-10 15:12:50,2026-01-27,Music,59746-121
8699,2025-06-06 22:56:36,2026-02-14,Sports,51346-058
3197,2026-06-29 03:56:13,2025-07-27,Electronics,43857-0272
6659,2026-07-02 02:42:28,2026-01-25,Electronics,67544-080
3122,2026-03-03 02:22:44,2026-06-22,Books,49999-097
4485,2025-03-14 08:24:06,2025-02-28,Shoes,52698-002
7326,2025-07-27 23:10:17,2025-02-06,Industrial,68001-131
8956,2026-01-05 10:50:01,2025-08-24,Music,55154-3378
5167,2025-10-11 00:41:49,2026-06-10,Grocery,68382-776
8994,2026-04-22 05:07:18,2026-07-10,Beauty,11994-006
3495,2025-01-02 12:25:13,2025-05-05,Toys,10096-0303
2669,2025-01-08 11:03:55,2025-07-22,Sports,55150-125
7738,2026-04-14 09:03:38,2026-07-01,Kids,21130-340
3385,2026-01-02 03:58:56,2025-11-25,Computers,0268-1298
6468,2025-05-06 07:56:15,2025-04-19,Automotive,21695-950
8952,2026-06-28 02:08:26,2026-01-02,Outdoors,49884-277
8428,2026-01-25 09:44:50,2026-07-20,Music,49349-509
3154,2025-10-12 21:09:05,2025-10-10,Garden,0268-1366
6161,2026-03-01 00:05:20,2025-07-16,Electronics,37000-126
7548,2026-04-25 07:07:54,2025-09-27,Garden,0093-0262
4605,2025-07-31 06:10:32,2026-05-03,Sports,69149-103
3731,2025-08-03 19:48:18,2025-12-15,Kids,47682-100
8210,2026-03-29 05:53:51,2026-01-12,Games,55289-098
5353,2026-04-19 18:47:03,2026-06-12,Computers,13537-027
2806,2025-05-14 08:42:10,2025-09-08,Baby,65044-0779
4490,2026-03-09 11:13:58,2026-08-29,Garden,55648-926
6041,2026-02-24 06:51:55,2026-01-15,Garden,64376-508
6370,2025-01-21 10:18:05,2026-05-16,Automotive,50845-0099
7193,2025-02-13 04:12:38,2025-08-04,Games,66312-181
2569,2025-07-18 14:06:22,2026-01-21,Electronics,55111-681
6541,2026-02-02 10:02:12,2025-03-30,Garden,76237-209
7027,2026-06-29 15:57:45,2025-08-17,Industrial,49349-000
1969,2026-03-09 18:11:27,2025-07-24,Computers,0268-1419
8286,2025-12-12 02:11:16,2025-11-03,Outdoors,16571-202
2076,2025-04-14 00:17:41,2026-07-18,Movies,41520-525
1826,2025-06-25 22:01:50,2025-01-17,Industrial,68791-103
6574,2025-04-13 18:05:50,2026-06-28,Toys,13734-109
7052,2025-06-27 12:00:17,2026-03-24,Health,67226-2130
4160,2025-01-25 08:55:32,2025-07-09,Baby,65954-381
5545,2026-03-01 18:16:04,2026-01-11,Industrial,40032-121
8944,2026-04-12 00:56:13,2025-11-18,Sports,54272-102
2628,2025-11-24 13:48:19,2025-02-24,Computers,55154-6265
2677,2025-03-02 08:10:24,2026-03-25,Industrial,0703-4248
8515,2025-01-01 11:52:04,2025-02-09,Sports,42291-509
4952,2025-11-29 13:45:23,2025-09-15,Tools,24653-270
3062,2025-06-11 14:59:39,2025-07-17,Health,61357-146
4048,2025-12-14 19:17:37,2025-08-11,Toys,0268-1177
4703,2026-06-19 22:37:17,2025-03-01,Movies,64092-105
2519,2026-04-19 04:57:33,2025-10-07,Outdoors,31722-500
3514,2025-01-14 10:24:29,2025-09-29,Outdoors,76237-183
8963,2025-05-30 19:16:35,2025-06-24,Kids,52686-307
2839,2026-07-06 12:03:17,2025-10-06,Automotive,31722-334
7743,2025-07-06 14:55:09,2025-02-21,Toys,55316-029
5791,2025-01-03 22:19:11,2026-08-15,Outdoors,55111-643
5533,2026-06-30 03:24:20,2026-07-25,Health,13537-219
1931,2025-06-30 10:05:07,2025-11-10,Toys,41250-377
4607,2025-08-06 14:40:00,2025-10-02,Music,55714-2211
5906,2025-02-10 11:53:10,2025-12-28,Shoes,0555-0485
6203,2025-11-24 18:44:56,2026-04-05,Health,52959-593
8252,2025-11-07 15:11:24,2026-04-05,Toys,49884-214
4843,2025-07-29 02:02:15,2025-02-05,Garden,43063-525
5083,2025-12-23 19:17:21,2026-04-08,Home,30142-825
8417,2025-07-19 10:09:51,2026-08-29,Clothing,49614-175
4997,2026-07-30 12:35:20,2025-09-11,Shoes,0378-3205
6596,2026-04-03 03:57:06,2025-03-30,Automotive,16714-585
4332,2025-09-23 20:09:04,2025-09-30,Baby,55312-250
1945,2025-01-10 03:27:36,2026-04-17,Games,41250-318
5948,2026-02-17 14:11:44,2025-01-01,Industrial,0378-7098
4834,2026-01-16 06:09:15,2026-02-09,Grocery,21695-373
6218,2025-10-26 19:17:18,2026-03-12,Clothing,11822-0404
4298,2025-11-20 02:34:18,2025-06-11,Games,58232-4034
2568,2026-02-11 21:54:09,2025-07-06,Garden,0009-0049
2931,2025-02-16 06:38:29,2026-05-08,Automotive,0904-6254
8757,2026-04-11 15:09:07,2026-03-08,Games,67345-0509
3616,2025-11-05 11:18:58,2025-08-24,Computers,21130-414
1030,2025-01-22 11:40:41,2025-03-14,Music,0054-3686
4155,2025-11-22 05:39:05,2026-01-14,Movies,64679-718
6929,2026-05-29 08:30:59,2025-11-06,Music,41163-361
1091,2025-02-13 21:04:03,2025-09-12,Computers,0115-1041
2557,2025-04-28 03:37:39,2025-05-09,Toys,30142-205
7115,2025-09-24 12:50:26,2026-02-23,Industrial,63517-506
1484,2026-02-09 04:25:51,2025-09-16,Clothing,37012-845
4403,2025-10-18 16:11:26,2025-07-20,Kids,49288-0209
6885,2026-08-10 18:34:04,2026-07-14,Beauty,42508-280
2290,2026-04-09 21:55:18,2026-01-13,Health,55312-158
1614,2025-06-08 20:52:12,2025-02-02,Kids,11523-1527
1930,2026-07-08 11:52:12,2026-02-19,Electronics,36800-462
3933,2026-07-11 08:03:27,2025-01-20,Movies,48951-3168
8544,2026-01-12 03:16:12,2026-01-29,Shoes,68084-288
6868,2025-09-11 11:00:21,2026-04-13,Movies,59262-241
3289,2026-07-01 23:44:18,2025-07-28,Clothing,65044-2074
5017,2025-08-14 13:01:41,2025-10-22,Garden,62011-0151
3194,2025-12-04 02:33:30,2025-11-11,Games,60533-003
8424,2025-04-29 21:38:28,2025-05-27,Tools,37000-293
2018,2025-12-02 21:16:45,2025-07-27,Kids,13537-452
8610,2025-09-29 16:51:22,2025-09-12,Games,55143-108
5401,2025-10-20 17:12:39,2025-12-29,Clothing,51523-012
6601,2025-04-18 04:31:16,2025-12-16,Shoes,53808-0474
1649,2025-05-18 00:04:38,2026-08-14,Books,50458-255
1901,2025-05-20 22:29:28,2025-12-17,Industrial,0187-1610
7891,2025-04-08 07:40:06,2026-06-13,Industrial,54340-005
5108,2026-05-23 02:04:38,2025-11-11,Industrial,53808-0786
1190,2026-08-29 00:52:33,2026-05-15,Electronics,35356-362
5143,2025-11-30 18:08:13,2026-06-06,Movies,40046-0061
4516,2025-12-02 04:30:05,2026-07-22,Toys,10237-817
2236,2026-01-22 01:27:16,2025-11-23,Computers,0268-0277
6945,2026-06-06 00:55:30,2025-05-31,Baby,45963-569
1234,2026-06-15 03:02:30,2025-08-07,Games,64942-0779
1673,2026-06-10 07:48:17,2026-01-27,Sports,61957-0403
6769,2025-07-09 22:26:51,2026-04-26,Industrial,64058-114
8409,2026-03-03 05:43:41,2025-06-13,Automotive,53113-101
4257,2026-02-22 10:40:10,2026-06-18,Clothing,21695-738
8652,2025-10-13 16:23:54,2026-06-02,Books,0378-1165
8781,2026-09-02 09:48:57,2025-04-09,Grocery,50845-0151
6519,2026-04-18 01:20:03,2025-05-16,Industrial,55111-127
2217,2026-07-26 07:16:51,2026-02-22,Movies,57520-0120
7297,2025-01-13 16:31:48,2026-02-24,Garden,0574-4100
3628,2026-08-11 09:36:50,2026-05-31,Health,49349-305
5689,2026-03-10 03:01:59,2025-07-10,Music,42507-539
8854,2025-10-03 17:42:11,2026-03-10,Music,51346-254
8708,2025-09-02 04:38:29,2025-07-15,Books,49349-768
3841,2025-06-02 09:29:46,2026-07-27,Clothing,0009-0086
4723,2026-05-09 07:41:51,2026-05-21,Outdoors,55154-8386
7960,2026-07-06 13:55:16,2025-02-05,Industrial,68968-6650
1562,2026-02-09 05:52:38,2025-07-15,Books,0378-1745
5470,2025-01-28 17:41:04,2026-05-17,Music,48951-1065
8090,2025-01-24 14:30:32,2025-06-15,Beauty,0187-5485
1653,2026-02-20 05:59:32,2026-06-22,Sports,0378-5021
7581,2026-02-16 22:30:01,2025-07-23,Grocery,50383-775
7216,2025-05-26 09:16:45,2025-08-03,Books,21130-437
3808,2025-01-30 01:49:11,2026-07-12,Music,68788-9131
1777,2026-05-24 21:55:09,2025-07-05,Home,49288-0813
5850,2025-05-22 09:50:18,2026-06-17,Industrial,49288-0013
2624,2025-03-27 01:39:36,2025-01-01,Electronics,42549-532
4172,2026-01-11 06:45:12,2026-09-02,Kids,66184-153
2972,2025-02-16 17:21:03,2026-08-25,Movies,63323-170
8894,2025-12-01 04:13:17,2026-04-12,Electronics,62011-0013
4838,2026-02-05 20:26:28,2025-05-28,Home,64205-821
5353,2025-08-08 09:28:12,2025-04-27,Tools,55312-504
2888,2025-08-30 00:36:28,2025-06-02,Beauty,58517-001
7060,2025-09-06 07:57:09,2026-02-23,Electronics,68745-1036
6707,2026-02-26 13:10:12,2025-03-12,Garden,63824-456
1935,2026-05-08 21:09:15,2026-08-12,Music,46014-0501
4680,2025-09-28 11:21:03,2025-07-30,Grocery,57520-0271
3331,2025-02-02 06:17:21,2026-08-22,Grocery,55910-233
2423,2026-03-21 21:05:53,2025-05-12,Books,61935-001
6270,2025-08-17 00:49:05,2025-02-15,Automotive,0904-5657
2725,2025-12-13 16:31:32,2026-07-04,Health,10157-8015
4161,2025-12-11 13:37:17,2025-10-01,Grocery,49527-039
2618,2025-02-14 04:28:06,2026-05-15,Games,51285-697
2785,2026-02-11 14:28:03,2025-02-27,Books,65841-776
2663,2026-07-07 19:23:40,2025-07-23,Toys,33261-185
6566,2025-11-27 16:52:55,2026-08-21,Books,68647-204
1810,2025-11-23 01:18:59,2025-02-19,Home,58118-0113
2753,2026-01-12 19:53:11,2025-01-19,Health,13811-646
4725,2026-06-14 02:36:49,2026-02-20,Movies,63868-146
7686,2026-01-21 02:57:27,2026-05-25,Jewelry,59779-815
1789,2025-06-09 13:42:42,2026-03-14,Health,65862-022
7135,2025-07-29 03:05:25,2025-02-09,Industrial,68516-3603
5968,2025-04-22 01:59:26,2025-09-14,Electronics,51285-366
8654,2025-08-31 21:03:19,2025-02-02,Shoes,13537-340
7042,2025-03-30 08:38:04,2026-05-25,Beauty,57826-462
6668,2025-02-20 16:24:44,2025-06-10,Grocery,0037-6824
7942,2025-07-30 12:52:07,2025-09-07,Home,53808-0734
1411,2026-07-06 09:24:34,2026-03-20,Music,68084-818
8324,2026-07-22 10:55:34,2026-07-07,Baby,65162-691
1829,2025-09-14 05:17:21,2025-03-19,Shoes,13537-511
7605,2025-01-24 14:19:57,2026-08-07,Toys,51460-5000
5304,2025-09-10 02:11:55,2026-08-20,Toys,0268-1311
2671,2025-06-17 14:54:09,2026-03-02,Music,68462-309
8550,2026-06-09 23:44:34,2026-07-17,Automotive,10237-654
8969,2026-01-26 06:46:47,2026-08-29,Beauty,59676-570
7838,2026-05-27 02:21:55,2025-03-12,Grocery,49035-688
3637,2025-06-11 21:49:15,2025-12-18,Kids,51346-100
3318,2025-10-08 23:18:40,2025-08-10,Movies,63629-4862
2791,2025-08-01 11:45:42,2026-07-12,Garden,42411-050
7428,2025-09-06 13:03:27,2026-05-30,Music,76169-101
7267,2026-08-30 07:25:51,2025-07-19,Garden,10056-161
6169,2026-05-18 23:31:44,2025-04-09,Toys,49884-534
1008,2026-01-04 01:30:43,2026-03-14,Computers,0781-2102
5547,2025-06-09 19:00:05,2025-05-11,Outdoors,44183-220
7038,2026-04-16 01:32:57,2025-10-09,Jewelry,42291-622
5950,2025-02-21 15:16:46,2026-07-14,Automotive,0037-8140
3621,2026-04-15 05:58:09,2025-09-30,Industrial,19515-891
2220,2026-08-30 09:49:34,2025-10-07,Health,68084-592
3074,2025-08-17 10:07:24,2025-09-19,Books,0904-5721
3490,2026-01-22 21:28:09,2025-12-01,Books,63323-013
2347,2025-10-20 18:54:48,2025-05-13,Toys,0093-8740
5262,2026-06-25 16:59:21,2026-01-07,Games,58118-0458
2182,2025-03-22 23:38:37,2025-09-13,Industrial,58668-2731
6742,2026-02-24 07:03:06,2025-05-28,Beauty,55648-670
7819,2025-06-12 12:42:44,2026-01-06,Tools,35356-765
6876,2026-07-05 19:52:47,2025-03-14,Clothing,52685-326
7588,2026-05-09 08:15:37,2026-04-16,Toys,66428-006
8760,2026-06-18 05:48:10,2026-01-16,Clothing,58232-1404
1724,2026-08-01 04:24:27,2026-04-16,Movies,76237-143
4483,2026-03-31 02:35:05,2025-07-11,Toys,0268-0063
5805,2025-02-25 21:01:30,2025-02-10,Health,35356-469
6736,2026-09-01 19:13:36,2025-11-26,Home,41250-306
6927,2025-03-15 11:13:51,2026-07-07,Health,51672-1296
1322,2026-02-05 16:17:07,2025-09-27,Automotive,43419-903
4504,2025-02-23 21:50:53,2025-03-13,Health,37000-102
8763,2026-01-30 10:49:08,2025-03-07,Electronics,63739-251
4043,2025-09-03 14:22:37,2025-04-16,Jewelry,76420-785
7692,2025-04-12 18:05:49,2025-06-20,Grocery,49349-156
7198,2025-11-08 09:50:01,2026-04-11,Jewelry,0264-9567
3300,2025-10-28 18:00:07,2025-04-06,Grocery,0074-6214
5658,2025-01-24 03:53:50,2025-10-23,Automotive,37205-827
1522,2026-03-18 17:22:30,2026-07-04,Sports,65044-3450
2619,2026-05-24 23:11:09,2026-07-10,Computers,68462-384
6335,2026-01-19 16:10:53,2025-12-25,Sports,0135-0552
7366,2026-01-15 12:49:01,2025-01-28,Electronics,0574-0113
3170,2025-03-09 02:33:07,2025-03-13,Movies,60505-2650
4384,2025-05-25 14:51:39,2025-08-04,Clothing,0228-2620
1184,2025-10-13 18:48:14,2025-10-03,Health,0168-0332
4663,2026-08-22 04:56:01,2025-04-18,Outdoors,0781-3032
5576,2025-11-06 04:28:50,2026-02-22,Electronics,42254-025
7427,2026-08-07 03:38:06,2025-12-16,Outdoors,52731-7009
5978,2025-05-27 00:35:31,2026-06-16,Tools,64679-716
4454,2025-02-11 06:25:17,2026-08-23,Home,59535-9201
4226,2026-08-02 16:55:29,2025-04-10,Industrial,11084-066
5746,2025-05-14 11:05:38,2025-04-04,Beauty,41520-197
8489,2026-01-27 02:51:26,2025-02-09,Baby,62802-148
5360,2026-01-18 21:21:11,2026-04-27,Grocery,0268-6670
1288,2025-08-11 01:43:58,2025-01-08,Grocery,0904-6245
3134,2026-02-20 16:43:44,2026-08-08,Electronics,44911-0062
3977,2025-08-20 03:28:36,2025-11-03,Games,0113-2365
5298,2025-01-07 02:45:00,2025-07-29,Computers,0517-5034
6865,2025-12-02 22:24:33,2026-06-23,Computers,42507-393
2260,2025-10-16 23:50:46,2026-01-24,Clothing,0615-3544
8414,2025-10-10 09:06:37,2026-03-28,Home,63736-025
2339,2026-07-01 22:06:56,2025-02-26,Automotive,16477-106
6746,2025-09-02 20:24:07,2026-02-08,Health,63323-161
4183,2025-01-24 20:58:19,2025-08-18,Grocery,51879-190
3405,2026-02-22 19:08:15,2025-02-09,Home,0378-1044
5576,2026-04-09 02:02:57,2026-08-03,Home,52125-480
1234,2025-10-28 04:34:55,2025-04-26,Health,53208-001
1772,2026-08-08 16:54:08,2025-11-29,Books,55150-122
8710,2025-07-13 11:14:58,2025-06-02,Beauty,0268-6198
4816,2025-10-12 21:19:09,2025-01-23,Garden,0378-4472
5578,2026-05-07 07:54:01,2025-06-20,Automotive,58605-401
3286,2026-05-13 01:18:09,2026-03-25,Computers,0555-0606
6919,2026-03-13 14:05:07,2025-11-01,Beauty,41163-230
5672,2025-10-22 16:57:15,2025-02-15,Shoes,36987-3409
2054,2025-11-16 05:00:23,2025-06-26,Health,36987-2785
8135,2026-04-03 23:36:15,2025-03-12,Movies,49798-001
4268,2025-08-27 06:21:00,2026-07-27,Toys,33261-366
2710,2026-03-05 18:05:36,2025-06-07,Electronics,52389-162
8607,2026-05-27 16:36:11,2025-11-30,Industrial,61604-9068
4161,2026-05-10 12:56:37,2025-01-20,Grocery,10056-897
8851,2025-11-12 22:57:54,2025-11-13,Shoes,50742-102
5697,2025-09-04 23:42:04,2026-03-16,Movies,63739-693
1083,2025-03-15 06:43:01,2026-03-02,Outdoors,49884-564
7433,2025-03-27 06:25:26,2025-12-29,Home,21130-456
2041,2025-09-06 19:27:29,2025-01-08,Industrial,98132-718
3800,2026-04-25 23:00:11,2026-03-22,Jewelry,0363-0375
2269,2025-12-08 22:34:32,2025-05-14,Industrial,54340-778
2630,2026-05-21 08:09:00,2025-03-25,Toys,49288-0658
3733,2025-12-19 01:25:54,2025-03-30,Clothing,0268-1112
1390,2026-07-15 16:40:01,2025-02-16,Music,68382-386
6715,2026-04-29 22:17:49,2025-02-05,Home,66780-226
6250,2025-06-17 16:18:02,2025-11-25,Toys,54575-423
3627,2025-11-27 13:44:50,2026-01-01,Outdoors,12634-179
4681,2025-06-12 07:24:35,2025-07-30,Electronics,59779-473
1146,2025-05-31 19:10:42,2026-03-09,Industrial,0378-6899
6303,2025-08-24 16:07:10,2026-06-05,Baby,23155-063
3105,2025-09-18 21:24:10,2025-07-01,Shoes,43857-0059
3348,2026-08-12 21:18:00,2025-09-22,Computers,49873-018
5527,2025-07-19 23:34:35,2025-07-02,Kids,63323-165
4414,2026-02-10 14:43:36,2026-07-20,Automotive,47781-306
5475,2025-09-09 00:00:49,2025-05-23,Toys,68026-542
4983,2025-09-26 21:11:14,2026-02-18,Music,65841-069
3766,2025-08-31 19:19:22,2026-08-24,Kids,67296-0630
1623,2026-06-26 11:26:15,2025-10-26,Games,54575-388
8145,2025-02-08 07:47:44,2026-01-13,Baby,57520-0994
7278,2025-02-09 07:25:15,2025-08-27,Health,65841-771
5260,2025-06-23 10:55:31,2025-02-17,Toys,0338-5197
6819,2025-06-13 05:57:04,2026-04-13,Toys,49884-308
3175,2025-12-19 20:25:47,2025-07-13,Books,59630-115
2072,2025-01-28 23:22:23,2026-01-27,Movies,62936-0042
1853,2025-08-19 08:41:13,2025-05-27,Outdoors,57955-6000
4142,2025-05-20 21:18:36,2025-01-13,Sports,44924-121
7852,2026-08-27 20:29:43,2025-09-14,Toys,0065-0416
1152,2025-12-09 08:55:32,2026-05-07,Electronics,37205-446
7566,2025-06-03 19:41:49,2025-04-25,Shoes,10742-8364
6671,2025-02-17 14:17:44,2025-01-08,Books,65044-5145
8594,2025-03-05 23:26:18,2025-10-07,Automotive,37808-809
8341,2025-06-13 04:49:02,2025-10-05,Tools,24236-908
8710,2025-11-12 04:30:40,2026-01-19,Outdoors,50419-754
5035,2025-12-28 13:30:07,2025-04-18,Industrial,50154-5000
6879,2026-01-31 05:38:45,2025-06-30,Kids,49288-0824
6238,2026-06-28 12:15:00,2026-05-11,Home,63739-284
4670,2026-01-26 21:20:09,2026-04-28,Books,76354-018
3631,2025-07-31 19:51:00,2025-10-07,Computers,55289-147
6768,2025-03-05 04:12:49,2026-06-08,Movies,49999-784
7878,2025-07-23 12:46:48,2025-03-27,Toys,42507-236
4836,2025-07-10 19:07:08,2026-03-18,Home,0904-5675
1716,2025-01-02 12:09:15,2025-08-29,Beauty,50419-115
8488,2025-11-25 03:33:33,2026-04-23,Shoes,36987-1308
4588,2025-10-02 19:10:15,2025-05-09,Jewelry,43269-887
5753,2025-10-29 07:30:04,2026-08-17,Home,58232-0412
4229,2026-03-04 03:19:41,2025-08-23,Electronics,36987-1601
1454,2026-08-23 14:24:22,2026-07-05,Automotive,63629-3587
3462,2026-08-29 10:47:06,2026-07-21,Garden,11822-3865
6569,2026-02-22 20:35:53,2025-03-25,Automotive,67457-257
6725,2025-09-26 18:02:57,2026-02-14,Clothing,0054-0137
6348,2025-01-09 14:35:22,2025-08-11,Shoes,0615-7613
4679,2025-10-11 20:18:43,2025-06-25,Home,57520-0520
2508,2025-01-09 01:58:22,2025-07-13,Movies,36987-2503
4185,2026-05-30 11:04:57,2026-03-25,Electronics,59762-3080
4608,2026-08-01 00:49:10,2025-02-02,Toys,54868-5578
6725,2025-11-24 18:22:45,2025-06-17,Outdoors,51096-0006
4534,2025-06-07 20:11:10,2025-11-12,Games,60760-447
5800,2026-07-11 11:59:10,2026-02-22,Grocery,68462-381
6666,2026-02-26 20:55:43,2025-08-31,Toys,0093-8118
6072,2026-01-16 07:51:19,2025-11-26,Electronics,0268-6721
4039,2025-05-31 07:06:20,2025-05-02,Movies,59779-019
7206,2025-12-10 03:15:22,2025-12-18,Movies,60742-200
1971,2025-04-30 05:02:41,2026-08-02,Garden,55513-002
3571,2026-03-06 07:51:37,2025-12-30,Automotive,68693-001
2222,2025-11-06 08:46:57,2025-03-04,Jewelry,0338-0509
8083,2025-10-29 13:18:29,2025-04-09,Health,54569-0172
7143,2026-08-20 23:59:30,2025-05-29,Movies,61722-021
2044,2025-04-07 22:10:03,2025-07-12,Home,60505-2640
2284,2025-10-10 12:23:28,2026-03-14,Books,51079-544
2934,2025-05-06 17:30:04,2025-09-04,Jewelry,60505-2578
7186,2026-06-30 07:13:59,2025-03-12,Kids,33758-001
6492,2026-01-27 03:42:54,2026-02-19,Kids,53808-0934
3239,2025-04-12 03:35:11,2025-04-01,Industrial,0409-1160
2159,2026-08-13 21:49:24,2025-05-31,Baby,16729-152
3477,2025-11-15 21:48:20,2026-02-23,Home,42961-124
2035,2025-01-02 06:34:32,2025-01-17,Movies,0228-2895
1900,2026-02-20 15:31:52,2026-04-07,Automotive,44076-010
1722,2025-01-09 02:19:51,2025-12-30,Health,36987-1025
6361,2025-07-24 09:17:21,2025-05-19,Automotive,10018-9502
4476,2025-06-29 01:29:45,2026-02-12,Sports,44206-300
3796,2025-10-11 11:06:13,2026-01-20,Garden,63776-027
3332,2026-05-19 23:31:59,2026-03-13,Tools,55926-0020
3390,2025-05-14 20:11:59,2026-05-02,Kids,67253-741
3594,2026-04-03 13:37:06,2025-11-24,Garden,54575-130
2878,2025-03-21 12:43:38,2025-02-22,Toys,68084-440
2843,2026-04-28 07:47:05,2026-04-09,Automotive,0781-1079
1500,2026-04-08 11:42:11,2025-12-18,Garden,53808-0695
5833,2025-12-26 13:15:42,2026-07-24,Health,0603-0852
5037,2025-02-26 21:18:00,2025-02-12,Games,55154-2032
6377,2026-01-12 17:06:15,2025-02-05,Computers,44911-0010
6221,2026-07-30 20:02:49,2026-02-26,Movies,57520-0026
1453,2026-07-30 19:44:19,2025-11-17,Toys,68737-234
6493,2025-09-11 09:32:31,2025-02-15,Computers,36987-1352
7513,2025-03-19 19:50:33,2025-09-23,Industrial,36987-3391
7741,2025-09-05 10:07:24,2025-10-14,Industrial,10191-1905
4995,2025-01-06 02:51:23,2026-08-11,Industrial,55789-2401
1631,2025-03-04 10:50:23,2026-06-16,Clothing,59762-2331
8858,2026-02-07 14:05:54,2025-06-15,Industrial,51523-023
5629,2025-05-27 07:10:57,2025-09-09,Grocery,60951-187
6197,2025-03-20 11:51:19,2026-03-24,Music,50436-3330
2142,2025-10-04 02:05:50,2026-06-03,Baby,49371-023
3759,2025-11-21 06:45:26,2025-12-19,Movies,68151-0765
6450,2025-12-03 14:00:10,2025-05-19,Automotive,10578-035
3377,2026-05-14 21:28:56,2026-08-02,Kids,61601-1176
6391,2025-11-19 13:57:05,2025-01-15,Clothing,68258-3025
7608,2026-07-13 02:54:44,2025-02-24,Clothing,43455-0011
3728,2025-11-28 10:18:52,2025-07-05,Garden,54458-889
4086,2026-03-12 11:16:35,2026-01-17,Books,55154-2065
2222,2025-10-26 05:55:17,2025-07-29,Toys,60793-860
2846,2026-02-03 08:13:03,2025-04-04,Kids,43419-015
5881,2025-05-20 01:42:29,2026-02-10,Music,36987-1173
8526,2025-06-29 12:28:45,2026-06-25,Tools,48951-4020
8305,2025-01-01 12:25:27,2026-07-12,Kids,0069-0700
1864,2025-12-31 04:57:19,2025-05-09,Beauty,60512-6506
7116,2025-12-29 12:17:45,2025-02-17,Tools,54340-810
1715,2026-05-03 11:01:58,2026-01-14,Beauty,55316-533
2489,2026-05-02 12:53:28,2025-02-18,Automotive,50865-025
3604,2025-02-18 00:53:22,2026-01-07,Kids,68472-133
4482,2025-08-22 16:15:15,2026-07-05,Outdoors,62045-4333
1914,2025-06-21 14:11:52,2025-03-01,Clothing,46581-890
8387,2026-03-07 07:59:10,2026-06-20,Baby,62670-4824
3367,2025-07-20 01:46:16,2025-04-15,Tools,41520-621
2292,2025-01-20 10:09:43,2026-01-27,Music,37808-288
1127,2026-02-01 09:46:06,2026-04-08,Kids,70253-527
8786,2025-09-29 09:54:46,2026-07-22,Shoes,76357-106
7737,2026-05-18 15:04:36,2025-10-16,Home,57520-0261
3817,2025-02-16 19:41:10,2025-05-25,Industrial,60505-3137
1849,2025-08-27 11:25:48,2026-02-11,Beauty,24385-065
5042,2026-03-23 14:58:20,2025-09-20,Shoes,0078-0417
8477,2025-10-11 07:36:01,2026-01-26,Electronics,41250-026
3554,2026-03-25 05:22:15,2025-11-30,Industrial,50436-7216
1527,2025-05-29 04:13:16,2025-01-20,Books,0179-1435
2859,2025-07-13 11:00:50,2025-04-12,Grocery,57520-0426
3528,2025-04-08 04:06:08,2025-05-16,Tools,36987-2581
