inventoryItemCode,inventoryItemId,inventoryItemDescription,initialInventory,mov,value
9863198,1313,"Mushroom - Chanterelle, Dry",6175924.0871,8431781.322,5884497.0835
5302920,7530,Orange Roughy 6/8 Oz,3295732.519,6553078.3893,5691018.7822
8601013,7194,Muffin Hinge 117n,7376693.2291,1974595.9939,6858258.8219
2098224,9405,Cattail Hearts,4239307.4223,9435235.4872,1173361.684
2356974,7277,Chocolate - Semi Sweet,7071458.7205,4980176.9894,9705851.901
2607355,3596,"7up Diet, 355 Ml",7536843.3436,8681409.4759,9696626.9045
6387242,9828,"Stock - Beef, White",1929189.2314,1180254.2519,4929983.2796
9667520,8099,Banana - Leaves,3618317.4389,2266484.1763,5967721.9416
5685941,8551,Extract Vanilla Pure,8017170.026,2975810.2467,5777431.1742
8044612,8647,Quail - Jumbo,4149525.1863,9082293.364,1472733.1295
9946084,6408,Taro Leaves,4530248.7813,7378416.1,9472481.1632
6944191,5304,Bread - Corn Muffaleta Onion,5867320.3754,3069352.1789,8430768.7987
1217217,5529,Bagel - Plain,2663116.6955,1104494.052,5104575.4741
9170388,7740,Truffle Cups - Brown,7247205.6052,5928870.0336,3042928.5205
3422796,3419,Beer - Blue Light,7378182.4366,9688816.1547,1452531.2149
3960312,6399,Spaghetti Squash,3245461.8877,7289892.1331,3582611.871
3028720,2654,Muskox - French Rack,6296366.1442,2870475.2557,2251044.914
7619993,2807,"Nut - Cashews, Whole, Raw",2013838.0075,7935004.3199,1269788.0487
5829977,4327,Wine - Maipo Valle Cabernet,4908286.5494,7057186.5646,7972837.9786
4316745,5537,Coffee - Dark Roast,4901875.7612,6454132.7488,6070045.0412
2495382,4019,"Beef - Kindney, Whole",5878533.7837,7811438.5543,6175715.0239
5771639,2516,Breadfruit,1768994.6085,3398361.7313,9196288.5239
1907979,6686,Wine - Fat Bastard Merlot,8205995.0856,9034514.6129,2920323.2287
6673978,5830,Magnotta Bel Paese Red,8626770.5144,5096373.5715,7861304.9604
1250452,7683,Grenadine,5081823.6242,8056537.2884,2203491.6377
7477650,2204,Wine - Rosso Toscano Igt,8588744.078,2990020.5735,6205287.2004
9101125,2727,Muffin Mix - Blueberry,9121523.3043,2479239.6524,4998054.3597
2633361,5115,Wine - Fat Bastard Merlot,9064656.9122,7938852.844,8624089.3375
4947717,3832,Beef - Inside Round,5242272.6857,7789679.0707,5693741.2474
2592297,3238,Macaroons - Homestyle Two Bit,4026822.0134,2777333.7109,4909157.1556
7468507,3925,Cheese - Mascarpone,3031940.0938,3960230.9869,7495013.0572
7222240,5695,Lemonade - Pineapple Passion,8786350.3344,6836061.7373,2495741.1122
4031956,9187,Cleaner - Lime Away,2550201.9019,5663725.8742,2184791.5882
7646213,4528,Cheese - Roquefort Pappillon,9086708.6524,1235532.2518,6618031.3827
8902871,3948,Cranberries - Fresh,7900000.5309,7266127.8296,5880510.1273
6816931,7853,Wine - Valpolicella Masi,7148014.8094,9197725.3699,5402439.2558
5731370,1624,Broom And Brush Rack Black,1971726.5872,8813807.3195,6544759.2148
7077332,7832,Flavouring - Raspberry,6803217.8497,7410099.2988,8606651.8277
7024947,6411,Longos - Penne With Pesto,1031320.8998,8789271.8663,3488903.8296
2258881,6227,Chutney Sauce - Mango,6783582.7443,6960110.9807,8731095.5019
6609250,8586,Pepper - Pablano,2760564.8197,9929733.6718,5358391.7656
7358466,1804,Nougat - Paste / Cream,5512912.2486,1254954.4041,2670160.5481
5802766,2756,Sage Derby,7056139.8679,1601473.0528,4643961.0012
6668409,4789,Salad Dressing,4268115.9451,6402726.3757,3392473.9102
1226692,1195,Soup - Campbells - Chicken Noodle,8029511.5934,7239848.4696,3472468.3222
6870220,1143,"Jam - Blackberry, 20 Ml Jar",9140867.7941,3792101.8604,1786028.1241
3032590,1044,Duck - Breast,8253197.8729,7905246.4632,6117515.2786
3312239,4165,Cheese - Blue,6492244.6443,2263131.865,4372593.6199
3845137,8434,Bread Fig And Almond,9779443.1394,9438942.2546,7978769.2723
7920277,9932,Apple - Fuji,7126531.283,7200766.5945,6131636.1614
5498922,7605,Flower - Daisies,1376892.946,8723763.0652,5776475.5641
7272584,6137,Shrimp - Black Tiger 13/15,1423782.2781,2312979.7068,2133141.6214
8176581,4829,Pork - Inside,9970547.8869,8176318.9936,7956425.0171
5616946,5843,Chinese Foods - Pepper Beef,6765411.2291,4991956.4964,6914366.6443
2584445,5320,Napkin - Beverage 1 Ply,7653190.3284,9601773.837,6842737.5886
8795553,2628,Scallops - 10/20,2487162.1316,2896255.441,3957361.9608
8668077,3322,"Wine - Sherry Dry Sack, William",1978691.901,9984792.1717,6589836.3916
9585451,3673,Coffee Decaf Colombian,4124109.9718,1110672.5644,3347262.4213
1950375,1321,Flax Seed,7374384.4088,7616814.2474,2589748.5144
4542196,9032,Potatoes - Yukon Gold 5 Oz,8102973.4044,2598791.713,7403980.6714
7731202,3595,Canada Dry,9169675.5129,6869252.0589,5014123.1567
2036459,3933,Cocoa Butter,7698587.7998,7991228.2933,4178420.3941
6401424,6246,Lettuce - Boston Bib - Organic,1408270.473,9939162.2813,8373840.5816
2374856,7637,Cranberries - Fresh,6032814.9459,2192240.3207,4527593.5274
5036423,5464,Wine - Cava Aria Estate Brut,1887534.6658,9508833.4654,5328391.6361
4438937,3518,Cheese - Shred Cheddar / Mozza,6877584.0505,3161957.1503,2667987.4193
3134082,6210,Veal - Slab Bacon,1891190.5485,4640027.797,6119713.5722
2099357,5562,Tomatoes - Hot House,8870895.3237,6335869.3812,7612374.1211
6511971,4471,Mcguinness - Blue Curacao,9447735.9893,4831614.4497,1919007.3786
8600684,4254,Sponge Cake Mix - Chocolate,8371199.1712,4607873.677,5930423.8757
7345852,2962,Melon - Cantaloupe,3613033.665,7498669.4061,4825016.8243
2793598,8016,Dry Ice,2459365.0526,5906979.8238,5442432.083
4945498,4006,Apple - Granny Smith,8034275.7986,6475911.5069,1873341.4688
7043024,5991,Beer - Mill St Organic,1240571.1042,1939966.7316,7251865.1776
8308697,3511,Puree - Guava,5025667.2357,8861381.2871,8204941.4087
7796992,6401,Teriyaki Sauce,1912845.7961,7393628.7245,5292186.4171
8887647,5223,Cookie Chocolate Chip With,3880433.8619,4133389.6475,1232159.9211
3414512,2260,Monkfish - Fresh,7247917.7167,6036727.3203,4504653.3501
4894867,4673,Sugar - Palm,4584612.0594,1514959.9466,5846061.7937
3277836,3980,Beans - Fava Fresh,5577306.0567,5869239.7524,2056265.3985
2933022,7835,Container - Hngd Cll Blk 7x7x3,2268972.0808,3191043.4325,5568776.4761
2546987,9911,Wine - Beringer Founders Estate,7168419.4962,7666126.3424,5399104.5193
1013643,4441,Wakami Seaweed,3306613.8698,2558698.9826,4041582.7745
3339707,4456,Ocean Spray - Ruby Red,8043335.4776,5866706.3667,8245407.9209
4180855,5224,Flour Pastry Super Fine,1896811.0854,2729685.8055,1264661.304
3195450,7022,"Sauce - White, Mix",7942065.6497,8730876.9529,5832241.7416
1363908,8373,Sauce - Alfredo,7282374.7905,9582489.0144,1544161.2662
1918046,9990,Snapple - Mango Maddness,5101499.6347,2372510.0646,9917888.815
3200267,4580,Sea Bass - Fillets,1835515.0533,5201860.1737,6061356.9743
6948569,9511,Puree - Mocha,3684268.3352,6696155.1244,7633594.5949
9039309,4184,Oil - Cooking Spray,4227166.7604,8592565.3866,8428415.3598
8998627,9258,Gatorade - Lemon Lime,3769806.6942,5534294.753,8654124.339
5952016,2688,Plasticforkblack,9575497.1028,4000985.5403,9545245.1553
1696544,9514,"Wine - Red, Marechal Foch",2311727.8043,8412209.1904,6681218.517
6164842,3634,Octopus,6156412.1545,9936307.3283,2490333.971
1777772,6323,"Mushrooms - Black, Dried",6676268.3427,5571595.2887,6403227.8335
2326866,5798,Soup - Campbells Mushroom,7501206.5239,7859225.0874,9458228.6324
5493565,3069,Cup - 8oz Coffee Perforated,8590253.1752,1933368.0684,5054524.8864
1718482,2868,Coffee - Decaffeinato Coffee,4067333.8432,8315007.9339,1684887.8369
5736865,8821,Pickerel - Fillets,5965930.6195,8263203.0195,7654911.4046
1808620,5766,Cakes Assorted,3449769.8255,9814911.5815,1928428.2485
8643241,3511,Mix - Cappucino Cocktail,6367302.1174,2867834.9814,1869135.0253
1523496,1081,"Quail - Eggs, Fresh",4444526.2907,4924833.8808,7541965.7352
9189277,6096,"Pepper - Julienne, Frozen",2797375.6719,1712997.9456,1386360.0237
1832287,9701,Wine - Pinot Noir Stoneleigh,9438799.9402,5684391.9796,1697808.0699
4647755,5141,Glass Clear 8 Oz,1891109.7045,8031362.8569,6981597.4813
9176672,4215,"Brownies - Two Bite, Chocolate",1217181.6408,5985710.3683,5186389.0772
6076107,9676,"Flour - Bran, Red",4187267.5436,9306445.5306,4497856.0807
2670394,1329,Smirnoff Green Apple Twist,5397127.302,9977630.0987,4461769.5285
5440671,4030,"Rum - Coconut, Malibu",6173483.7151,2419564.922,2428963.237
7942296,3904,Cake - Night And Day Choclate,1245420.1774,9226317.6637,6570874.5181
5374349,3866,Cake - Bande Of Fruit,6664345.984,1706714.041,6790579.4372
6181603,9855,"Juice - Tomato, 10 Oz",4712062.278,5576878.0047,8467750.1612
6788389,6975,Tea - Apple Green Tea,7199101.7289,3514711.6212,3957178.283
2165428,4024,Curry Paste - Green Masala,1829603.2872,9841678.2155,3143588.2504
9469182,3865,Oil - Olive Bertolli,2779751.7109,1722351.0925,2287891.5758
2470383,9220,Clementine,1951356.9987,4721341.0637,6274459.0131
8306053,5484,Couscous,8094263.5328,2689942.1364,3894826.142
3813256,6610,Lamb - Shoulder,7886030.0597,5461818.3958,4105063.6216
9154458,9478,Milk - Homo,1513999.4784,9465644.7604,8289720.0351
3007835,9456,"Appetizer - Mini Egg Roll, Shrimp",7023487.5335,2042777.7048,4906239.2598
5608051,5482,"Pasta - Canelloni, Single Serve",5854420.0992,8412614.5431,8762433.1622
2369199,2139,Island Oasis - Magarita Mix,6173646.3021,8630058.6778,2812408.2611
2413724,5116,"Beef - Roasted, Cooked",9335210.3492,2067539.9605,1749089.316
7871491,8697,Bread - Calabrese Baguette,1112034.9342,6272640.6031,9058258.4227
6860765,9779,Hand Towel,7760232.6212,8332310.3829,1352006.8702
4694148,8083,Brandy Cherry - Mcguinness,2629825.3098,7969023.6298,4384588.9595
5757637,4670,Veal - Liver,6144555.2851,2510005.6013,2540247.8472
2616210,2041,Cookie Dough - Oatmeal Rasin,9696449.8505,4005183.6669,7657979.9855
4352806,1347,Tart - Raisin And Pecan,4773292.0934,9294420.811,5608590.5236
4609152,4601,Numi - Assorted Teas,6876457.045,2310184.2551,3940935.522
8752561,7569,"Chocolate - Milk, Callets",4075697.0322,6341665.9027,7546633.8584
4564781,5536,Beer - Blue,2751821.0066,1505846.553,8357373.1917
2377868,3279,Juice - Propel Sport,5366723.578,9901068.0193,4201623.0907
4217147,2470,Almonds Ground Blanched,7398773.1036,6206689.2527,8357728.4805
1818151,3265,"Stock - Veal, White",3080108.2042,9667081.0702,6224834.4255
8281228,3732,Coffee Guatemala Dark,5351724.572,7927797.461,7220147.2638
4081608,3707,Wine - Beaujolais Villages,4743351.9175,6262533.736,4472216.358
8960558,8897,Wine - Charddonnay Errazuriz,3575609.9889,9234907.1793,1649761.1235
7744557,2126,Muffin Mix - Raisin Bran,4899225.6831,4118480.3738,1636925.0333
8518932,6249,"Lamb - Leg, Diced",7140320.0254,1468555.0121,2998754.6806
2127026,1278,Tart - Butter Plain Squares,3250977.747,3794720.8892,8212837.7814
7234749,7866,Apron,2941504.4893,8195873.2214,4680022.7258
9408449,1911,Lettuce Romaine Chopped,2644463.0484,6758251.9289,6824480.7995
2861685,3290,Wine - Saint Emilion Calvet,4025168.3583,4805571.8297,9370162.3964
3289843,6274,Corn - On The Cob,1775522.8314,7780185.9936,5862646.2886
5461895,5287,Turkey Tenderloin Frozen,9211565.8098,7560403.3101,3816959.2915
9619516,1275,Container - Hngd Cll Blk 7x7x3,2049387.7846,6581506.3898,3762478.7534
1113563,4251,Wine - Conde De Valdemar,3610256.6566,7783696.7803,4765850.0625
2861200,3069,"Pork - Back, Short Cut, Boneless",3889831.1727,6392245.0212,7308209.4362
6802984,1294,"Nut - Cashews, Whole, Raw",5761165.7399,4805139.3334,7210421.3279
7117455,7328,Tea - Lemon Green Tea,1929677.4785,1962082.7266,4487253.3966
2798855,1465,Flour Dark Rye,2222856.5804,8719347.7978,6404772.1751
1282089,4801,Prunes - Pitted,5353912.5205,1500802.2232,7052989.3237
8064315,2770,"Pepper - White, Ground",6032404.7681,4973759.7756,5233630.9934
9859630,6210,"Cheese - Brie, Cups 125g",1805710.7399,7695969.4864,8377930.8089
5680276,8114,Nectarines,2600366.4138,2852158.9821,4391843.9117
5493658,4212,Crawfish,9488901.8363,9511557.8694,8133170.4703
6302266,3284,Napkin - Beverage 1 Ply,8713432.8476,8923809.6075,8573162.0187
6032284,5560,Tea Peppermint,9982417.6996,1195944.6262,8935327.1031
1375487,1783,Wine - Magnotta - Bel Paese White,7631401.508,8377225.5603,4191639.6156
5666333,3972,"Beef - Bones, Marrow",1181316.8594,2521869.9868,8360215.9501
7577007,7176,Beef - Ground Lean Fresh,2762161.8249,5125346.1173,1798314.2864
2777551,5580,"Rum - Light, Captain Morgan",1037499.1089,6301009.7836,6978996.5907
1919245,2175,"Veal - Shank, Pieces",6104167.387,1386720.1044,2475815.4152
2892089,4267,Squid U5 - Thailand,6624392.5845,4979126.5528,3457265.6696
5348250,4053,Pastry - Banana Muffin - Mini,3977890.6716,4070732.4821,4224060.4626
6573422,7086,Duck - Breast,3367326.4702,2917440.1736,3901942.1957
9097352,2380,Truffle Shells - White Chocolate,3778625.3907,5992947.0478,7374681.3505
7675958,2881,"Chicken - Breast, 5 - 7 Oz",7216183.8887,9082802.1194,6044441.7566
2000537,3939,"Gingerale - Schweppes, 355 Ml",6848519.4783,4206837.1199,3754937.2643
9252481,4751,Bread - Kimel Stick Poly,7028041.299,5088534.3823,4582226.73
5055582,1638,"Cup - 3.5oz, Foam",6728835.1554,9852824.6499,3829848.686
7144235,1760,Sproutsmustard Cress,7570608.7029,9405290.629,1671166.2399
4459310,1822,Puree - Pear,6474950.5916,5076026.2169,9667247.9353
9053346,9035,Longos - Lasagna Veg,5915006.8086,2010258.9261,7138763.2851
7567959,7252,Island Oasis - Strawberry,7427738.9591,8516070.7218,8344936.3135
6651310,7319,Calypso - Pineapple Passion,2246430.0543,7394263.8682,7347068.4319
8850688,2408,Wine - Vidal Icewine Magnotta,7547596.036,4247509.4317,8171061.3338
9672844,9829,"Sauce - Black Current, Dry Mix",4870318.6364,7391379.4548,3230635.9673
5676773,2136,Venison - Racks Frenched,6888192.6148,1876066.662,8823766.6088
9047671,3433,"Syrup - Golden, Lyles",5692795.5551,8252342.0899,7705587.9245
5438640,5364,Potatoes - Parissienne,1820808.066,8685851.8002,5019606.9376
4567079,6363,Chutney Sauce - Mango,4040447.1586,2645262.8308,1134648.2249
9566691,9359,"Cheese - Havarti, Salsa",6768498.1501,3162368.1142,8794220.5826
4435644,9559,Pork - Caul Fat,6993313.4956,9947836.6577,7176617.6052
6223801,8848,Appetizer - Tarragon Chicken,5413887.8694,8590007.3146,2136641.0056
9767769,6782,Water - Evian 355 Ml,8202640.2959,4877103.3065,7665212.1309
5305999,4767,"Yogurt - Blueberry, 175 Gr",8371053.0106,4455762.1465,5654505.3714
5104502,1896,Pastry - Choclate Baked,8038912.9664,4361452.9258,8027579.9369
7469243,5563,Pineapple - Regular,5063164.3071,3093375.5886,9592421.5098
5674983,5770,Butter Sweet,9998367.0512,2125245.897,6118794.0095
1057200,8994,Blouse / Shirt / Sweater,7149145.1585,2035903.8583,5901850.3964
8396277,2799,Beer - Muskoka Cream Ale,2407509.0223,2353615.5513,4724643.8535
9484767,9210,Steel Wool S.o.s,2385478.3656,9049816.1313,2195160.1059
2288984,3888,Pork Casing,7587629.968,9487529.4259,3529268.5464
2251700,4937,Bread - Raisin Walnut Oval,7228261.8395,2850756.2134,8763609.5135
9710018,5162,Pur Value,7438562.2237,3559860.427,9087711.96
4340826,3098,"Wine - White, Chardonnay",7482325.5833,6873547.9562,6473758.1541
7787405,7811,Gooseberry,6344020.1801,5495283.3959,4064919.1654
9423054,4544,Sour Puss - Tangerine,5559420.225,6756428.1939,2483987.8852
9401806,1798,Emulsifier,1552166.9571,2757754.1974,7012379.2042
6827163,3528,Flour - Masa De Harina Mexican,5520877.8885,8036350.1369,5389577.1104
9429132,7568,Appetiser - Bought,1294845.3821,8735170.2208,2797368.2283
4547190,6396,Madeira,4508339.3202,9231061.7455,4984420.7711
9050635,7312,"Wine - White, Chardonnay",3389890.5492,8567996.5447,5907820.0904
5325017,7789,Oil - Canola,1285386.4817,9889537.5425,5868037.0186
3611252,8339,Calvados - Boulard,1729165.8548,7517450.728,3172135.6859
1752401,9494,"Wine - Bourgogne 2002, La",2656791.8921,9557170.6237,8396250.2633
2748342,9512,Beer - Creemore,9858968.6738,9829688.7172,3148726.437
8233012,2830,Salmon - Canned,4072760.2986,5800281.7634,2381881.3931
1685115,4354,Puree - Pear,1884745.118,4230158.0946,1311930.6385
9770493,5505,"Mushroom - Trumpet, Dry",6854510.5717,2468249.2005,2626867.2755
4107217,9379,Chicken Breast Halal,5492846.7707,1485331.9285,9023639.4981
1211896,2620,Venison - Denver Leg Boneless,5599852.6615,8120981.4501,7285311.4531
5302365,6369,"Wine - Red, Antinori Santa",6018168.3769,1541640.9801,5804255.1734
4478283,1559,Mushroom - Chanterelle Frozen,4003136.8643,8088255.3467,5428544.7579
3629577,7651,Muffin Mix - Corn Harvest,6424705.5159,8443009.6574,2532819.4935
5168308,9290,Jameson - Irish Whiskey,7413704.3033,9991601.964,2195522.1603
1615212,9490,Salt - Table,4692036.4163,3737731.9206,5364342.0917
1248655,8987,Grouper - Fresh,4910665.7294,1417176.8971,2309215.7211
6707437,3785,Ecolab Digiclean Mild Fm,6344448.3961,7691254.2429,6054810.2952
7710540,6182,Veal - Bones,8854641.8531,8099927.4776,7357745.7272
8013097,6852,Wine - Rhine Riesling Wolf Blass,4346450.5578,8403213.8736,4622489.4285
6142771,7689,Pastry - Chocolate Chip Muffin,3464248.3842,9834657.7187,7746439.8684
9082547,7713,Apple - Northern Spy,8376474.4515,5790764.0266,4935325.5979
1104278,2160,Fiddlehead - Frozen,1005361.7759,7402283.8004,5024775.4879
3482974,8831,Beer - Blue Light,3199767.2966,9514624.2811,3075837.6806
1545055,6436,Plastic Arrow Stir Stick,2118263.3274,1217127.9749,9015934.0177
5353800,2246,Asparagus - Mexican,7715905.2773,7864533.9869,4538914.0967
9111336,1602,Beef - Top Butt Aaa,2121484.8059,6495259.4673,7345104.8138
4907922,4571,Wine - Chardonnay South,1333330.1629,2553561.4196,1788286.6451
3050610,4547,Yucca,1301347.3646,6950381.4995,8659948.5532
3353552,9398,Tuna - Fresh,6105959.7138,3286771.7302,8949372.8448
8666416,9993,Bread Base - Goodhearth,7101870.0908,2085379.3457,3135808.5495
8292097,7729,Beef Tenderloin Aaa,3289932.9442,6839029.6685,1777984.4237
4450166,8641,Sugar - Palm,4922730.0317,7077075.944,6526502.9904
8771203,1901,Bread - Pumpernickel,3199037.6657,3777733.0557,6975059.4372
3066063,4480,Tomatillo,9971664.7453,2748729.9889,2478342.3605
6007646,8792,Ice Cream Bar - Hagen Daz,9103890.1126,6788036.4923,9514898.1371
7472900,6941,Table Cloth 54x54 Colour,9909590.4582,5383959.3845,3608563.1792
7643077,7002,Lid - 16 Oz And 32 Oz,2361849.821,8753982.7068,7357633.6152
3391929,8291,Waffle Stix,2953283.8908,8739249.1424,7293055.1894
8144588,5735,Beer - Rickards Red,3815895.2184,1604626.5634,4858876.516
3141512,9399,Wine - Stoneliegh Sauvignon,1006046.1865,1812701.6005,5160106.425
6182989,6788,Gatorade - Lemon Lime,1462058.9733,3857800.5961,7953726.6968
9367709,6261,Wine - Casillero Del Diablo,9630687.3467,8916519.5433,8935259.7701
5710885,9832,Mountain Dew,8414209.6922,3847844.3926,4620243.7654
1791513,8709,"Oregano - Dry, Rubbed",5690535.3374,2733767.3719,9929748.8162
8983913,6498,Flour - Cake,4071896.5204,3067914.2398,5111187.5551
3029016,8326,Salt - Sea,5739987.0602,9830906.352,9915967.3171
6471281,1302,Cheese - Swiss Sliced,9963185.949,2822913.493,3513758.9946
9233790,9093,Cocoa Butter,6226838.7923,1235190.2894,2247284.0939
7803814,9275,Port - 74 Brights,1375809.7442,6812385.1767,9794532.4904
4731242,1639,Wine - Niagara Peninsula Vqa,9748066.7681,6853788.8694,2702769.5223
5459367,5714,Lobak,8274917.3942,5676259.7886,9396704.039
7663992,8336,Mangoes,6390932.1956,5005534.2834,3480007.9153
1417885,8178,"Soup - Campbells, Chix Gumbo",7013780.5458,8057316.6175,8990466.4044
2652183,6912,Tomatoes - Hot House,6235811.6798,4937794.6332,4863873.2137
2240189,4725,Tandoori Curry Paste,5612976.8452,8865184.2417,9778733.0843
3772658,6602,"Leeks - Baby, White",6810571.1425,8302527.102,1356488.5386
2295191,1886,Broom Handle,6242764.8524,1051612.0162,3125030.9056
6236118,4750,Ham - Proscuitto,8773572.924,3531381.1879,7474412.5949
5519172,4560,Coffee Beans - Chocolate,4571702.7599,3070046.3963,6117624.8459
9390014,2327,V8 Splash Strawberry Kiwi,4607883.1879,1908705.2112,3116582.5135
3370207,7200,Energy Drink - Franks Pineapple,2895428.7981,8610547.3795,2874035.2622
5344407,3273,Passion Fruit,4777614.8904,9492537.0312,2098519.5692
8373848,9372,"Sole - Dover, Whole, Fresh",5190744.9124,7195898.8911,7671989.7669
8285696,2208,Tray - 12in Rnd Blk,6942157.4073,3580537.2801,4951829.5841
6231852,1849,Cheese - Goat With Herbs,2650927.0561,6776916.6688,2763225.0913
1858557,5010,Puree - Guava,1853707.2391,3272696.2481,6290849.6703
6013257,1792,Swiss Chard - Red,5783198.4467,9457578.1166,8168978.7672
2024784,1390,"Wine - White, Lindemans Bin 95",9453334.1032,2118618.2924,9051528.5091
4819899,5136,"Pork - Tenderloin, Frozen",7364602.563,6422384.0576,9529216.796
8464297,2644,Calypso - Black Cherry Lemonade,8597594.5452,4455920.9572,2046309.3613
9668965,3615,Bacardi Mojito,3037525.1224,1769771.1564,3075269.1574
3297997,3766,Yucca,2795703.849,9903139.9026,6576586.9442
7596408,6774,Tuna - Loin,7714673.6243,3495176.3807,7033826.947
7250373,4620,Apple - Fuji,6024771.9873,8529966.6015,7264556.0777
6058966,3008,Table Cloth 62x114 Colour,8664129.4507,3276196.0262,7957278.1249
1574168,3641,Extract - Almond,5881952.7158,3819447.9281,6344719.465
6006251,7317,Mushroom - Portebello,1187996.2641,5936535.487,5764704.7489
6786699,5512,Pumpkin - Seed,7665109.3387,2199107.1464,7488765.5803
7177898,3557,Veal - Leg,2796330.1787,7030195.9698,7905762.9486
9686881,3433,"Tomatoes - Diced, Canned",5874913.2464,2894533.2591,2455868.1057
6876141,3404,Pork Loin Bine - In Frenched,8253254.8178,7386302.2379,3332165.6727
6882365,5123,Plastic Wrap,3081366.4024,9752402.0722,4181960.7691
7070454,8576,Soup - Campbells Chili Veg,5931648.8768,8883355.962,3759928.197
9554846,2250,Pastry - French Mini Assorted,4610912.7608,9284299.5714,2332090.0012
2198777,4722,Kale - Red,5198927.3501,6001270.5817,1522889.6621
3244468,2196,Appetizer - Chicken Satay,5615848.3807,2333937.8105,3223640.8938
1311702,8480,Chicken Breast Wing On,4161623.845,5058484.0,1173944.3418
9677152,8144,"Pepper - Black, Whole",5872692.5295,1039674.8006,9722646.1958
6876385,2505,"Artichoke - Hearts, Canned",8979647.4216,4355633.0822,6543021.6087
8330901,8785,Carbonated Water - White Grape,2174558.8894,8157959.1599,3596281.8117
8030294,1724,Chutney Sauce - Mango,7929886.5474,4213115.6525,4035630.9764
6199307,7643,Soup - Campbells Mac N Cheese,3473020.4045,7820052.5984,9786117.1758
6225821,3111,Flower - Dish Garden,9859032.6619,1153700.5396,2067915.4536
1309470,3738,Appetizer - Asian Shrimp Roll,3807711.7784,9403094.5647,5900110.0255
3761572,6651,"Wine - White, Chardonnay",5217891.549,5413184.3589,8206839.1348
5059238,3545,Bread - Ciabatta Buns,2638593.5508,9988391.8603,8486183.8604
9088581,3401,Sauce - Ranch Dressing,1687860.0277,3323256.3882,4310270.9711
1630833,3699,"Oil - Food, Lacquer Spray",5672263.0223,2982936.0339,9068333.5953
2754750,8124,Glaze - Apricot,2410184.5499,9336887.7193,5597156.4956
8799359,6437,Cup Translucent 9 Oz,8778302.2418,3626734.7708,9961102.0287
2157709,2687,"Lobster - Baby, Boiled",4840995.8242,6577169.834,9682237.9726
9296456,6352,Lemon Tarts,8004859.8567,6685179.2575,5267162.8915
4870035,8150,Tomatoes - Orange,3095545.1223,1991454.9745,4066450.9059
3469901,6531,Asparagus - Mexican,2295229.3755,1395680.2589,6062851.9459
8215586,7952,"Soup - Knorr, Chicken Gumbo",5304476.1675,3868784.9452,1624111.3389
2489024,5041,"Pasta - Penne, Lisce, Dry",7666607.8031,2438142.3949,1474179.8699
3346689,4589,Oyster - In Shell,7163288.9812,7958081.5347,2414345.8851
4540175,4835,Filter - Coffee,6369318.1475,5740447.6162,1304460.0585
6535155,6201,Chicken - Bones,9953019.2653,6729637.2749,1819245.8566
5392172,5198,Capon - Whole,5254663.4063,3808121.1346,5164405.1288
7107146,1556,Cheese - Colby,2031459.9518,1123553.4157,7605423.2576
3248229,8055,"Wine - White, Mosel Gold",7660522.2596,7521637.6837,7476239.5073
8328098,4287,Chicken - Whole Fryers,9515143.9395,8401293.4764,6430530.0957
2056803,6755,"Chilli Paste, Ginger Garlic",1456911.5639,8548349.5727,2584920.8093
2802746,8335,Eggplant Oriental,6613889.7168,9070597.1439,6082826.7244
5157735,6094,Wine - Beringer Founders Estate,2479156.448,2702027.4923,3004198.9689
9253665,8759,Parsley - Fresh,4368481.862,4406188.3079,9836353.717
1040156,6218,Cheese - Perron Cheddar,1648098.6476,7078445.2077,9649705.397
3132021,4214,Soup - Campbells Beef Stew,2912675.6705,8888428.2355,5036290.9419
8637508,9934,Sole - Iqf,5086406.7719,4370976.642,1599846.368
9267273,5883,Cheese - Swiss,7187438.0753,8319220.1676,3066513.6535
4243937,6390,Danishes - Mini Raspberry,6828723.7258,4721704.185,4199671.6921
6199345,3106,Beef - Ground Medium,4266189.8998,1369334.1772,7628424.2393
4785926,8479,Lemonade - Pineapple Passion,1215010.3143,9944472.0974,2334364.49
1352271,8515,Veal - Kidney,9375543.6506,3298388.4617,5926589.8822
1713669,4193,Ice Cream Bar - Drumstick,4046773.4129,4168548.1584,3953684.117
8600939,3419,"Pepper - Black, Ground",2718963.517,2183865.0902,3809974.4811
9014655,9853,Burger Veggie,5790980.4091,6934165.3799,9083767.9491
6882333,7627,Pork - European Side Bacon,9166898.9376,9008074.1175,8377414.0867
8204948,9892,Pate - Liver,6083878.5908,4271338.6957,1636201.9462
4845865,5663,"Tarragon - Primerba, Paste",2154905.9761,7161424.1084,7840831.4863
7565185,9206,Tea Peppermint,2909176.6905,4645419.1008,8486701.1636
3275484,3021,Grapefruit - White,2343777.6117,6272386.0277,1811775.846
2115295,2782,Milk - Chocolate 500ml,6154029.1362,6286347.043,5545089.0865
2856133,1431,Cookie Dough - Peanut Butter,7816071.6679,9229689.6401,1507090.1638
2276472,1308,Flower - Commercial Spider,7947635.424,7871279.4294,7308322.8177
2955174,2645,V8 Splash Strawberry Banana,6557651.0068,1151291.6655,7095737.8648
3328434,1725,"Liqueur Banana, Ramazzotti",3583458.7601,9298634.0355,9310991.6871
8561601,3680,Hipnotiq Liquor,7024284.8848,6435762.7499,2298107.0887
8377626,4175,Sprouts - Alfalfa,1806391.3679,2325053.9357,4461719.4751
4003425,3585,Beef - Top Sirloin,3352751.9381,3947507.456,4514594.9845
1514236,8475,Chutney Sauce,5714331.1411,7019712.3588,3647202.7025
5805179,2946,Sachet,7034997.5805,2474531.2613,2254312.3737
2056386,2291,Cheese - Gouda Smoked,9435728.2406,2807407.0409,4906979.8092
1122020,9688,Cake - Sheet Strawberry,2993703.8789,2783964.2834,6412949.6061
4755601,9558,Lemonade - Pineapple Passion,4412826.1503,5743093.0947,7992666.4896
7440141,4011,"Soup - Campbells, Spinach Crm",3087469.8514,5229886.5093,8420751.0138
1101067,3784,Temperature Recording Station,7449261.5997,4188221.7231,7942138.7612
7484150,1444,Soup - Chicken And Wild Rice,8543139.2504,5282556.1591,6135372.7254
2698010,7328,Cookie Dough - Chunky,2145901.1802,3646112.0227,7699671.84
3932097,7486,"Veal - Tenderloin, Untrimmed",5309523.0931,4748247.8051,2021106.3463
5421349,4062,Lamb Leg - Bone - In Nz,4525653.9027,8679515.279,4282349.0349
8943207,6505,Potatoes - Mini White 3 Oz,8914307.9477,2167108.4411,7549034.4225
8767086,8434,Duck - Legs,5595919.5107,1835913.5905,8656762.9084
2945093,3388,Cake - Night And Day Choclate,1522539.5838,1648320.0202,2132701.4449
4087130,7973,Wine - Niagara Peninsula Vqa,8260528.3918,1244379.6644,6418369.8489
7444196,6468,"Capon - Breast, Double, Wing On",8691330.6806,2944532.6818,2507588.5059
6080354,5966,Steam Pan Full Lid,3618465.7585,3687576.4453,7636817.2762
3003626,7901,Cookies - Englishbay Oatmeal,2065140.4163,8395702.4921,3464713.2546
6920696,8003,Sour Puss - Tangerine,8035654.4599,3198229.5438,1375504.6615
2415309,9150,"Pasta - Gnocchi, Potato",5991725.583,7191188.7307,3713728.2135
3881725,9631,Tomatoes - Orange,2431940.0114,5537044.7329,5000659.5478
2233000,8012,Muskox - French Rack,1596561.0942,2907549.1436,3502916.4069
5652919,8173,Oil - Peanut,8348694.6913,7150106.5973,6122231.1767
3174105,3194,"Loaf Pan - 2 Lb, Foil",6515450.8836,7368100.784,7871828.7515
1013111,2772,"Beef - Bones, Cut - Up",3624834.8146,6920873.1394,1506105.3679
9670599,4618,Appetizer - Chicken Satay,9938297.976,6932101.1616,2597679.8196
1858252,7924,"Veal - Inside Round / Top, Lean",7499988.1854,1247014.903,9111746.1017
5844255,4482,Wine - Puligny Montrachet A.,1838267.5228,4261313.3262,7119151.002
3580576,1392,Cheese - St. Andre,3329240.5574,5123110.3434,5323144.9895
9173794,1843,Wine - Merlot Vina Carmen,7984361.1629,1174964.4734,7570387.5098
1441865,9892,Beef Tenderloin Aaa,5173487.746,7166293.4315,1938879.2393
3625884,4663,Beef - Top Butt,5152993.1933,1868009.1175,3866451.2035
2827045,3100,Bar - Sweet And Salty Chocolate,8399112.1419,8120092.3843,4149230.9954
5520297,3130,Rambutan,9544706.2304,4109956.8636,9919061.4773
6503088,6188,Eel - Smoked,6968613.3559,7208769.8357,3331825.0991
5520311,1985,Mustard Prepared,4528588.6546,1236015.231,5405280.9872
1425147,4322,"Placemat - Scallop, White",1806263.5251,7205679.0547,9052215.7331
9989057,9470,Beer - Heinekin,4781998.2921,2290443.7144,3515063.6767
9732590,8099,Towels - Paper / Kraft,8254981.6032,4106427.0064,4690666.8551
3904053,5963,Steel Wool,5558983.0334,4396562.3202,4550076.6166
4604031,8779,Cape Capensis - Fillet,7425524.1914,4713656.9388,8145299.3066
5348321,2445,Salmon Steak - Cohoe 6 Oz,3794131.6053,1358027.5277,7069703.8481
7248036,9385,Sauce - Fish 25 Ozf Bottle,6472087.8029,9507378.5377,1119282.3683
9187277,4329,Puree - Raspberry,3106956.7917,5664494.9349,3617872.25
1706722,1908,"Appetizer - Spring Roll, Veg",1242561.5304,6429104.0752,4835689.9001
7494444,5145,"Soup - Beef Conomme, Dry",6932722.1143,8178879.0549,5190330.42
9623326,6586,"Chocolate - Milk, Callets",5965577.6963,7067083.0712,9464470.0777
9844069,3606,"Juice - V8, Tomato",4519450.4712,9659269.389,9127046.7358
6010093,2794,Piping Jelly - All Colours,2867295.8307,8599874.6275,2242329.5173
8991865,7589,Lamb Rack - Ontario,9078081.4192,5194771.508,2749561.9395
9382408,5584,Food Colouring - Blue,5469951.7471,6418229.7845,7839951.2844
1741547,1426,Table Cloth 54x54 Colour,7658114.5507,1020481.9357,8971148.4976
3639396,2386,Anchovy Paste - 56 G Tube,5660543.7912,2210757.1694,4005522.4809
8488858,7952,Cheese - Cambozola,7785285.8737,6303780.2354,8266364.8154
9751807,5586,Wine - Remy Pannier Rose,7480618.7753,3978951.1775,7156438.7238
4632863,8922,Wine - Casablanca Valley,9634869.4487,3383662.23,8607377.0381
1474236,5859,Sauce - Alfredo,2574325.0663,3722579.4898,4301351.1875
4754916,8177,"Salmon - Atlantic, No Skin",4618714.8361,6510183.1834,5061626.6493
3082578,1636,"Chocolate - Pistoles, Lactee, Milk",5004500.6799,4684850.9142,6587640.5819
4454192,4907,Sugar Thermometer,3217298.4033,7048867.0724,2655960.9327
3768295,8815,Pastry - Butterscotch Baked,5272071.4619,1716283.9867,3904727.3752
8407251,8033,Butter Sweet,4013565.0879,1140738.8067,2793739.5357
8801589,2715,Sugar - Brown,7146873.4408,6773096.6594,7238451.0283
3757835,2249,Fiddlehead - Frozen,8494279.3647,5787705.5052,5355706.5517
2626377,6782,Extract - Raspberry,3111842.334,9569296.5623,4484931.3687
5202703,7145,Buffalo - Striploin,5376334.1367,9417796.9757,2576925.8945
3863335,2736,Spinach - Frozen,1270766.9701,9395172.4613,6039091.8753
5062060,9843,Lettuce Romaine Chopped,9848064.73,4196173.4792,2940752.0425
1385724,9181,Shrimp - 31/40,4972694.4696,9352949.7264,4632128.3763
9406921,7010,"Quail - Whole, Boneless",9407318.6941,6309039.4782,9297059.1427
6632506,2785,Bread Base - Goodhearth,5461223.4833,9521256.5601,7672446.7843
4333439,4624,Squeeze Bottle,1278398.8694,1883187.359,1081185.8572
9395704,4770,Rice Wine - Aji Mirin,9630564.2039,6644198.4355,3906202.0919
9743547,4073,Compound - Mocha,1539338.1454,4730348.0516,6524117.071
2050074,3032,Cocoa Powder - Dutched,3017160.6482,7514675.5035,1417750.1226
4773254,6535,Bouillion - Fish,3829617.7908,9121186.0629,5826463.7614
5195742,7528,Pastry - Cheese Baked Scones,1948175.8094,2399264.5623,3747582.7545
9544635,5109,Butter - Pod,2204678.2947,1934054.9041,9947161.832
7312493,8119,Pate Pans Yellow,2659948.4077,9170250.7485,9714976.0802
3334772,6402,Honey - Comb,7446071.3771,3176836.4594,7113945.2402
2275051,9221,Cilantro / Coriander - Fresh,5426531.7658,7173535.0246,3352190.9907
9919313,2191,Trueblue - Blueberry,7058021.4838,3538829.1055,8487131.4203
8536035,4627,Lamb - Whole Head Off,8004307.6376,7350965.6747,7180761.0192
7868021,9861,"Oranges - Navel, 72",5322166.8306,4339796.9851,4424027.5654
4010018,7043,Campari,9076161.85,9327065.2747,2884935.1856
2976318,6175,Beets - Pickled,5244780.2114,3036683.2024,5909246.3993
6359850,5318,Pork - Caul Fat,6206915.8351,3611717.0847,9587138.5183
1594789,2218,Bread Cranberry Foccacia,7033850.6607,7436979.5943,9052150.5177
6772144,9129,Lady Fingers,4653685.9712,2152757.3571,5489520.4881
7700640,3762,"Chilli Paste, Sambal Oelek",4320932.7457,5927001.8754,2909054.6285
3630992,8713,Pepper - Cubanelle,4835009.683,3434000.5149,9734871.1671
4160795,6173,Dried Cranberries,6638133.2465,9534708.6871,1499243.0893
3981255,4921,Cornstarch,3646074.081,1267882.0051,9161352.6714
2255459,9753,"Wine - White, Colubia Cresh",2966681.9937,9791586.0209,8344565.3073
6962338,2097,Buffalo - Short Rib Fresh,4334295.5599,1165523.9127,4193429.7773
7809663,6483,Rootbeer,6904918.7365,9251178.6254,7200485.1811
7914083,7255,Sugar - Cubes,9094965.4546,1803813.2886,5048965.8472
2628992,2506,Broom - Corn,4025305.3187,5082845.3085,3555990.4547
2964370,8101,Crab - Imitation Flakes,4276793.7863,2494284.9111,7582189.181
5920105,6197,Lobster - Base,8834927.8846,3834491.6263,4816141.1534
2200197,7781,Blueberries - Frozen,8414005.111,9787745.672,5766699.7968
4746173,9363,Turkey - Ground. Lean,8814036.4818,3954932.8169,3607995.3297
5283839,9485,Foam Espresso Cup Plain White,6358319.4626,3219522.1033,3566517.7038
4426136,4803,Juice - Lime,5884706.4237,8005772.029,5863676.0312
5632188,7850,Daikon Radish,8995705.832,3456431.7189,6348304.1871
4626916,5828,Cheese - Brie,8137379.6435,4835816.4196,5040602.8481
1531307,7019,Hummus - Spread,1469022.2561,2129395.2354,1707903.5683
8349601,7699,"Olives - Black, Pitted",4750573.5325,1683350.4719,9896271.7105
3714054,2275,"Nut - Pecan, Halves",9897732.8187,8316957.0409,9917915.2219
1045999,6435,Napkin White - Starched,7389207.8947,7227133.6994,5997185.7907
8876062,4324,Vinegar - Balsamic,9795302.5646,7777470.4193,1813016.3614
8100115,9302,"Beans - Long, Chinese",2412471.0297,8273641.1348,5599481.7167
4974610,5744,"Brownies - Two Bite, Chocolate",6171484.4938,2552834.9786,2349259.0536
3920611,4476,"Vodka - Lemon, Absolut",5737559.2547,2401551.7769,5972574.9962
7802670,4958,Wine - Two Oceans Cabernet,5319707.438,7146239.5753,8894637.4266
2335143,6521,Lettuce - Frisee,9456158.9713,5192713.5982,2094070.1536
1018774,3973,Aspic - Clear,1264962.6733,2885711.6246,3925013.7523
8581946,2545,Muffin Mix - Chocolate Chip,9950998.6768,5411473.3752,4648004.8744
8909703,1955,Wine - Stoneliegh Sauvignon,6276209.9422,3856535.0512,8027737.2729
1009182,5657,Dikon,8910321.6253,9610611.0141,9960798.3488
6280721,3335,Flour - Chickpea,1581575.9678,9761438.6326,1493919.2934
9104078,9000,Beef - Eye Of Round,7578876.6927,7260840.1998,8777221.4604
3615608,3651,Mussels - Cultivated,6954986.2005,6902445.2704,7047934.9661
8759589,3626,Table Cloth 54x72 Colour,3668851.0423,4077550.2311,6259487.3414
1051355,6846,Muffin - Mix - Bran And Maple 15l,5752134.5311,7004659.0162,1626039.125
1891758,4990,Dry Ice,4532005.2041,3953787.6744,1346460.6729
2441767,8182,Bread - French Stick,5212822.4323,9446610.5561,8924838.7305
3070063,8748,Cream Of Tartar,4547117.5788,7955665.5876,4263040.4104
1659553,8249,Jameson Irish Whiskey,5354188.6323,5212370.8095,7854347.6868
6164739,6746,Nantucket - Carrot Orange,4475144.4828,6254467.1738,7855305.6686
1454898,6785,Raspberries - Fresh,2401380.2241,1871826.9801,2288641.3637
7386833,6775,Veal - Loin,1616144.802,6956024.9721,7756847.8625
1796395,1630,Oil - Sunflower,1778523.6555,6195489.307,4072195.0486
1685536,2994,Chinese Foods - Plain Fried Rice,4551076.2257,2436533.2878,4323555.5573
3034878,6802,Dc Hikiage Hira Huba,6585858.4344,4978377.7336,2492309.5132
8043530,5537,Long Island Ice Tea,1178533.1015,2660625.9389,8489628.1118
4013854,1452,Pizza Pizza Dough,5946570.5998,8437374.563,3846390.5036
6044342,6347,Cheese - Cottage Cheese,1769747.3772,6627941.0343,9073332.6267
3719331,3011,Mix Pina Colada,1340394.0148,2786652.1176,3362099.9442
2122316,8038,"Cheese - Woolwich Goat, Log",8839570.8821,8679676.5346,9023051.3322
9141849,2214,"Coconut - Shredded, Sweet",7675826.29,3418424.1595,5801257.6982
8333195,5290,Beer - Upper Canada Lager,5955123.7647,9565608.2244,5069167.2481
3377883,2014,Yucca,4944007.8408,6292356.1754,2786368.8335
7534312,6200,"Oregano - Dry, Rubbed",3725798.9886,5577765.0475,9876069.4673
6778143,5975,Soupfoamcont12oz 112con,5454412.4521,2701888.829,4435171.6838
5718171,2716,Crush - Cream Soda,2666706.259,5151415.8695,3571631.6944
3190057,7883,Chocolate - Chips Compound,9289673.4597,8293643.4339,4926399.7335
9657817,2642,Leeks - Large,7403596.7757,3120213.1021,2905198.3842
6274307,1028,Coffee Cup 8oz 5338cd,2758406.248,5859812.6907,1231649.709
9492965,9728,"Vodka - Lemon, Absolut",8820544.6808,9633362.084,9199006.6063
9754668,4434,Yokaline,2497160.2055,5936889.4482,7574525.0667
5505121,3298,Ice Cream - Strawberry,1274319.9625,4877339.5752,8474111.4227
5444641,1355,Pasta - Fusili Tri - Coloured,3168579.0543,3613887.5933,5368469.7661
6957201,9363,Wine - Fontanafredda Barolo,9282810.34,8850367.5632,4541362.7518
3915799,2038,Bar Mix - Lemon,8805032.48,6837889.7425,8856331.0527
1587600,3504,Veal - Slab Bacon,6647955.5145,9653047.7777,9331707.7113
7240196,8519,Extract Vanilla Pure,5975433.4735,1872266.9052,4655996.4963
8724142,4040,"Tabasco Sauce, 2 Oz",3446160.8193,6781276.214,4829312.3148
3381029,1845,Oats Large Flake,4327594.1902,6893207.7758,7602108.1655
4936080,9212,Lemon Balm - Fresh,6123664.8756,1085144.8673,3070406.338
6687709,4340,"Beef - Ground, Extra Lean, Fresh",3549463.2385,3812715.6635,4288793.806
1393845,3787,Soup - Verve - Chipotle Chicken,4247810.9812,8357716.0437,7059537.2197
5384051,7637,Wooden Mop Handle,8592934.0458,1267407.0538,2942229.8145
9878291,7108,Wine - Trimbach Pinot Blanc,8076702.335,8929996.7414,3379826.2016
1694573,7789,Wiberg Super Cure,3045977.0253,2368551.4873,6762935.8988
4399160,8186,Spinach - Packaged,4003041.12,1654840.4986,4287413.4347
8933409,9695,"Bread - Roll, Calabrese",9648781.0264,5995282.813,5798815.843
8313019,6648,"Crush - Orange, 355ml",8728158.911,3669185.8921,5565670.0423
5519978,6379,"Yogurt - Raspberry, 175 Gr",9324702.3819,6258339.9989,7753111.7047
3971009,1357,Pate Pans Yellow,5679187.7708,4510195.1695,3127142.3849
9755662,8605,Soap - Pine Sol Floor Cleaner,7318386.467,5186865.8795,7206549.1636
7805673,2759,"Artichokes - Knobless, White",9124406.7787,4393178.314,7728771.0288
8647550,2784,Zucchini - Yellow,1449886.7098,3407584.4243,7830401.4568
7125408,3665,Muffin Orange Individual,6539034.0318,1201644.8767,4270633.3611
3696204,5654,Peppercorns - Pink,4759499.0539,1057879.8482,5666650.5635
2715068,6499,"Jam - Blackberry, 20 Ml Jar",8211352.3696,2780694.5223,5748988.6623
4774126,9911,Carbonated Water - Lemon Lime,9862483.3352,2715454.9219,3922187.8333
2737755,2537,Sage - Ground,2869540.758,4052065.2417,1872941.7133
9135713,4156,Cookies - Fortune,9043593.9082,6272858.4482,9033511.8747
8332673,9266,Beer - Corona,1364038.0905,8186228.9849,7204683.3911
5423737,3012,Tomatoes - Roma,2599977.0924,5562205.2416,9395107.1737
1124468,6401,Dasheen,9306879.453,5881239.2343,3293001.9164
7122376,1895,Bread - Raisin,5958921.892,8783166.9578,8614419.5919
2494788,3373,Shrimp - Black Tiger 8 - 12,3495299.427,2403951.6464,7076540.3698
6016562,4623,"Ecolab - Orange Frc, Cleaner",1585374.0317,7946677.039,3586179.4591
6879789,9787,Corn - On The Cob,4282193.7569,4353476.774,8203237.6194
5524420,6889,Fib N9 - Prague Powder,6544877.0135,3551076.1129,4990316.2624
5635988,4527,White Fish - Filets,4795318.9784,9346842.3342,9535682.1297
9798940,6616,Pastry - Key Limepoppy Seed Tea,3942968.895,4259418.2278,2585499.9634
4572334,6030,Cheese - Cheddar With Claret,3436951.1001,8531656.1269,3632712.9791
1230899,1687,Salt And Pepper Mix - Black,3732009.161,5335957.0054,4820954.1137
9492462,9168,Wine - Taylors Reserve,9097272.925,3952900.0816,5653876.0026
1509934,7854,Cheese - Colby,6615120.9675,3666433.519,7785165.3027
6849260,9008,"Crab - Claws, Snow 16 - 24",7524668.9857,3340866.146,8896638.885
8316455,7450,Corn Kernels - Frozen,8185693.4347,6494789.4441,1150256.0435
8770421,4084,Clementine,8748704.6542,8121607.9419,2277255.8933
1982254,4313,"Cherries - Maraschino,jar",8267215.331,8248186.2165,7697742.9275
5671031,8606,"Mushroom - Shitake, Fresh",5061399.9333,8015157.8797,4917162.4959
8770782,9140,Rosemary - Fresh,8564229.4683,9837137.189,4367173.3683
8316473,4811,Goulash Seasoning,1258517.3737,1384728.8226,7993555.1884
7189167,4579,Veal - Ground,4216482.6665,7659639.1072,3749738.8536
6777901,2903,Grenadine,1577389.7602,5569194.1922,9264195.0749
5827452,1818,"Nestea - Ice Tea, Diet",2463429.1478,4636546.2693,9025901.8937
7184911,5494,"Lentils - Green, Dry",4522264.3983,5389721.5208,5843329.9097
5435819,1357,Wine - Chenin Blanc K.w.v.,4120700.4764,4704274.7231,4376564.3121
1691540,1329,Spice - Onion Powder Granulated,5392933.3077,1048199.7273,4201315.7092
5900299,8245,Bread Bowl Plain,8370115.2901,7089044.7744,7839990.0115
9816381,9221,Pastry - Chocolate Chip Muffin,4564220.0812,8101727.8404,6786249.095
9339926,3173,Wine - Cava Aria Estate Brut,4721656.5398,9173039.4939,3589485.791
8426753,9582,"Water, Tap",3619251.3089,3672932.7448,5809410.7209
6339398,6634,"Fish - Artic Char, Cold Smoked",8312736.8276,6215782.9373,2226668.1517
9233350,5036,"Pasta - Lasagna, Dry",7853846.2186,2530689.1394,5166183.5254
2626251,7829,Milk - Skim,2226878.5638,3663828.5468,1000337.3469
4548660,7684,Green Tea Refresher,3430234.9256,3938747.5599,9326212.0064
2818782,4110,Mussels - Frozen,8759824.1681,2040308.2244,6289932.6277
7711259,2454,Initation Crab Meat,3377515.7491,1571625.5102,3277042.082
7100499,8818,Peppercorns - Green,8969988.19,1869118.9471,6125421.2553
7151742,9500,Puree - Kiwi,7216403.6202,6926391.789,1452860.9236
5092316,1292,"Liqueur Banana, Ramazzotti",6022542.1476,5007654.3612,3534579.3564
6636426,4479,"Bag - Bread, White, Plain",3564944.5492,6768080.4492,4146358.5697
6684942,8461,Pate - Peppercorn,9314596.5566,7735084.6044,5301170.6348
6811788,1652,Pastry - Trippleberry Muffin - Mini,3950416.8105,6800702.8546,1917419.624
5024643,5287,Mini - Vol Au Vents,4910161.9544,6186405.1264,9628626.8413
3798690,8033,Eggroll,3270940.9449,7960510.2142,2500162.6465
9650212,8113,Veal - Nuckle,3529025.0913,9931530.1845,8326026.1091
3070400,4435,V8 - Berry Blend,1791530.1132,1968500.0963,5514475.9794
6934262,3814,Salt - Sea,3594170.4951,1918602.1844,1742168.4138
1390891,6769,Lamb Rack - Ontario,7978631.3754,4067294.2661,5545150.4656
2750579,9870,"Tart Shells - Savory, 2",7856052.7176,4438401.9217,5787176.1675
5832955,4551,"Fish - Halibut, Cold Smoked",4358784.4997,9151077.0256,8084774.859
5748037,1386,Bar - Sweet And Salty Chocolate,5297723.269,6483857.938,7492735.4001
9830620,8877,"Oil - Truffle, White",3648151.7772,7418916.0788,9615440.709
5875127,8540,Mcgillicuddy Vanilla Schnap,4974879.8546,3565399.4819,1085013.4606
8153037,1368,Lettuce - Red Leaf,6008289.3999,3124619.5801,2329352.681
7002533,2024,Cinnamon - Ground,9662947.6949,3526119.4607,5667570.2562
5089070,4405,Chicken - Livers,6244433.2517,6809953.8121,5449514.4009
6058756,5609,Scallop - St. Jaques,4636304.7488,5017166.4176,4085857.1707
2776706,9686,Cake - Dulce De Leche,2741707.2686,3996016.5633,1338020.062
2447973,3456,Langers - Mango Nectar,1917078.6953,5534558.7842,5028931.728
4567021,4141,Honey - Liquid,3004814.1849,8596968.6046,6960709.9162
6171464,7506,Bay Leaf Fresh,1641514.6445,2776127.6979,6079046.5184
4866617,5394,Onions - Green,9273211.4021,3461561.6645,6108448.6723
5239673,7548,Lobster - Base,1257792.8297,1915519.5216,9975066.9022
1243827,7669,Monkfish - Fresh,5695578.8048,7326824.7804,9976037.8735
4232412,5464,Oil - Sunflower,6304582.2037,1199401.0763,5201388.969
1256636,6937,Bread - Calabrese Baguette,1300922.6548,9381266.6381,9202394.1773
2799333,8461,Chinese Foods - Thick Noodles,5852168.775,5358884.0485,8725708.4051
6627331,6450,Juice - Apple 284ml,7594815.3152,7912327.9708,1030772.337
1053981,1792,Bagel - Everything,2963390.5979,4343497.9898,1414769.3687
9224125,6656,Peas - Frozen,4859893.1018,7610282.6344,9664692.1949
8468640,2721,"Cheese - Manchego, Spanish",6233885.2031,9831876.7327,7199881.1396
8364174,3212,Mix - Cocktail Strawberry Daiquiri,7617408.2228,6526210.328,9050232.972
3855313,7765,Wine - Prosecco Valdobiaddene,2232653.224,2483283.5437,8165539.4232
3164083,9561,Cheese - Goat With Herbs,5188261.0901,9538132.8934,9767770.6462
3729846,2127,Ecolab - Ster Bac,6618994.5673,1726456.0137,8002906.5365
2745257,2642,Ginsing - Fresh,7190067.9043,6420846.5567,9468196.6746
1627598,4593,"Asparagus - White, Canned",4731272.0608,6051166.599,6147355.1027
1990693,8469,Flour - Strong Pizza,4307029.9579,8656084.4127,2159190.9155
6696653,3025,Muffin Chocolate Individual Wrap,1028665.1014,6478801.5453,3693740.0396
2519949,1836,Juice - V8 Splash,8230808.1513,9496188.0759,5638223.7406
6907753,6090,Pie Pecan,3688965.4892,1334816.5477,9629859.9519
5435447,1007,White Fish - Filets,1924718.013,6173126.6632,1227006.9727
6312740,8238,Lemon Balm - Fresh,4637811.5731,2533959.3406,2829532.585
6170259,1288,Scallops - U - 10,9466821.8997,5891085.2586,6659072.3326
3443132,5201,Wine - Saint Emilion Calvet,2507998.8504,5064259.1973,8501260.1605
2824353,6979,Coffee - 10oz Cup 92961,9075292.8049,1311904.2558,2550123.4055
2454672,5036,Foam Espresso Cup Plain White,9354229.6192,1056559.113,9158939.6918
6743804,3083,"Beef - Chuck, Boneless",7425894.312,1557914.0037,5057437.9395
3744427,7255,Soup - Campbellschix Stew,7520963.2642,2819379.9977,5320443.8328
2502864,4784,Mussels - Frozen,9162086.1665,6254975.9012,1640911.5614
5979796,9164,Bread - 10 Grain Parisian,6611741.0593,8662202.0247,2129701.1201
6130367,1757,Veal - Bones,4602568.2094,8025967.9399,2632026.379
3350493,2953,Burger Veggie,5601682.3033,9153680.23,7565284.4072
9591839,3016,"Bread - Crumbs, Bulk",5063204.2837,2065784.4523,9561394.7737
3232139,4548,"Syrup - Golden, Lyles",9876573.9337,9953555.3592,4035624.0561
2253985,2177,Tart - Lemon,2655633.3226,5717531.3326,7565073.0046
2912628,5153,Rambutan,7752252.0187,7918359.3178,7921501.7259
3841159,2465,Sea Bass - Whole,2192123.1416,4144761.9246,2633581.9471
1356810,1226,Beer - Moosehead,1429399.0288,7190416.8129,5410976.3276
8978209,8746,"Wine - Red, Mosaic Zweigelt",6796672.6506,2315344.0721,1090217.1428
6946101,5016,Neckerchief Blck,9261001.2407,9045005.413,9090181.934
2364140,3201,English Muffin,4415439.7124,3721279.1115,2885387.151
5165835,4285,"Shrimp - 16/20, Peeled Deviened",5905832.3651,9322731.4972,3032363.6387
2000236,7243,Shrimp - Black Tiger 8 - 12,6637792.4648,9700371.3814,4586341.6421
8809828,8022,"Rum - Dark, Bacardi, Black",6728943.7381,2949979.2733,6139354.294
6631786,8425,Filter - Coffee,1681646.4751,1133644.1613,9533101.3216
1989226,6179,Sauce Bbq Smokey,8718983.3899,6571447.0503,5839965.3595
9202316,4003,Sultanas,8739050.0333,7112828.6198,4483223.3308
9895632,9355,Coffee - 10oz Cup 92961,3101467.3884,2817457.1878,6908885.3107
3433723,2305,Cassis,4508054.9792,3116443.4811,9599213.2872
8226504,7214,"Cheese - Mozzarella, Shredded",9301881.9351,5728029.1013,9478092.9477
2788472,7790,Lamb - Rack,7654327.1987,4731497.7323,7712531.9261
8527796,2304,Bar Energy Chocchip,6140526.9081,5991273.3672,3060083.6918
2849892,5040,Muffin Hinge 117n,4854443.3497,8015836.246,7187930.4597
5046779,3608,Apron,4535338.613,8452482.2179,6894324.0958
1953957,6878,Calvados - Boulard,3790302.6058,2639021.9745,2116129.7096
3117870,1767,Wine - Black Tower Qr,2295198.0624,4907578.9621,3674033.2489
6107800,8979,Scotch - Queen Anne,8927990.3192,1840248.1462,2943437.9303
4872746,4860,Sauce - Mint,8228532.6823,6537920.2859,4361702.7283
8073585,7538,Goulash Seasoning,8491716.3807,1557524.0871,1397728.8187
8308618,6011,"Oil - Olive, Extra Virgin",2440650.538,5864717.5984,9995308.0735
1313723,8287,Beef - Inside Round,7059646.1591,8517294.5526,6330162.379
9218160,7542,Sauce - Fish 25 Ozf Bottle,7672042.088,9240290.024,8507145.41
7483855,9048,Dr. Pepper - 355ml,9721981.7826,6412700.6677,5581317.0288
7733898,8542,Raisin - Golden,6770179.7044,4591030.1009,5863401.9468
1012564,3270,Lobster - Live,9279695.562,4031571.7154,6395175.0405
4889671,4449,Container - Clear 32 Oz,8399061.2927,6683029.075,5726457.621
9331196,6608,Cranberries - Frozen,4649167.4282,5038229.1112,7720225.0381
4295363,8083,Almonds Ground Blanched,7640965.957,5368040.4319,5468614.2762
3851996,5003,Longos - Burritos,7149027.8169,5244585.8002,6049286.9354
4648752,5917,Chinese Foods - Chicken,1012797.6182,8749354.4492,7168733.4458
5660792,3972,Okra,6300448.7775,4776187.9718,1328853.0937
7126472,1398,Sherbet - Raspberry,4858536.6453,9112551.9736,3260882.496
1236628,8401,Wine - Duboeuf Beaujolais,3472025.0246,9784522.5095,5204176.679
4428218,3156,Spinach - Baby,4390520.6575,5346749.7491,1931229.1295
8417588,7099,Berry Brulee,4545998.3876,1334532.0983,9895275.5688
7129502,9341,Carrots - Mini Red Organic,1680555.7424,2011770.7768,7837159.1021
8260586,5051,Langers - Cranberry Cocktail,2959815.5476,2778824.4274,7104047.9485
6629987,8888,Savory,8634793.5151,8195047.9788,9195994.7708
2546679,4668,Bread - Flat Bread,4016007.5415,4405508.468,3084808.0696
9776330,8453,Garlic - Peeled,8310507.6071,8933238.6205,1183715.0626
5109993,1996,Water Chestnut - Canned,3282423.8194,5839922.2329,2139378.9062
7744649,9384,Beets - Golden,1060572.8898,3333204.5541,2699311.0178
1696795,1590,Chicken - Leg / Back Attach,4154725.4065,2850170.0981,2728350.6359
3316032,1712,Vodka - Moskovskaya,9670278.7394,8698506.875,6894202.1276
4903703,9745,Chicken - Soup Base,3815675.4426,8700757.286,2453391.5407
4280347,1191,Flour - Bread,9321520.3639,4438778.6191,6924847.6138
1961848,2265,Duck - Fat,6844065.6577,3358616.5003,9834638.5348
5477221,2705,Tea - Jasmin Green,2752851.2972,9070953.3913,4124789.0459
6222041,4492,"Cherries - Maraschino,jar",2953859.3883,5968048.5471,9734295.8138
1767916,3667,Cinnamon Rolls,2803290.7716,9264360.8956,6799254.6722
5851208,9270,Pomello,5453034.9746,8480126.3375,2875295.5944
7631047,5500,"Bread - Dark Rye, Loaf",3541059.4528,2947348.3787,9311399.6313
4042143,1365,"Mushroom - Chantrelle, Fresh",5561426.9208,3180169.6392,6569201.5847
7871964,3556,"Split Peas - Yellow, Dry",6389790.3655,4567019.5201,5173296.4667
1112123,8365,"Pasta - Lasagna Noodle, Frozen",3708778.4013,2019065.1219,6791640.2724
6872429,9972,Sprite - 355 Ml,2955282.7512,6064305.7691,9760888.5266
8857375,7526,Skirt - 29 Foot,8860954.0155,3517400.4141,3663629.4384
5064737,5702,"Tray - Foam, Square 4 - S",2568913.6872,9504874.1766,5924285.1559
3513403,6601,"Nut - Almond, Blanched, Whole",7656934.0619,8829748.7884,6242584.3586
2779474,6703,Pepper - Scotch Bonnet,4768088.8029,6762422.2188,6554600.1666
9019636,7480,Lamb - Bones,6199698.3452,9692452.36,8227921.8925
3480161,2600,Tea - Herbal I Love Lemon,7114653.1817,9435761.3739,4166598.2132
7905919,9755,Crab - Meat Combo,3039326.9622,9072157.7406,6181053.5611
9666010,3492,Potato - Sweet,4093466.0257,4432077.5926,6807455.147
9759779,2643,Soup - Campbells Chili Veg,9910665.0286,4897306.9955,4617210.6827
8640719,6338,Lid Coffeecup 12oz D9542b,9272242.8772,6402265.3695,8371736.5626
2136735,5510,Lamb - Sausage Casings,1558727.9179,1240338.8024,6337255.7963
7875168,6209,Honey - Comb,8997817.3902,6126721.9801,3445657.8022
5171993,5422,Canadian Emmenthal,9348253.9086,2467920.4118,1474458.305
4766139,6698,Wine - Penfolds Koonuga Hill,5356830.0262,4532121.1746,3420128.1082
7584840,9011,Wine - Charddonnay Errazuriz,8899558.8927,6139981.2697,6716620.0381
2828978,6417,"Mop Head - Cotton, 24 Oz",7363090.3434,1928369.0466,9330397.444
8475102,3757,Chicken - Whole Fryers,8896446.6186,3748391.1396,3942704.6705
3951117,6789,Energy Drink,3487888.6614,8152794.6356,4264938.0838
3002792,5601,Cabbage - Savoy,1785509.9786,1073137.8577,3637000.9749
1703643,7551,Pate Pans Yellow,6878052.6311,3672746.3837,4010179.0516
6399450,8959,Veal - Slab Bacon,5278351.8342,7183784.632,2720253.1405
7879678,4441,Bread - Flat Bread,9682399.529,6601652.9061,4063153.3277
2689657,5918,Glucose,3257656.1679,3560605.6661,9918674.9028
8465870,7672,Flour - Rye,9980638.7148,5474640.5416,6616830.354
2020919,8709,Cheese - Pont Couvert,3778114.2363,5412693.4239,1956466.4681
5792472,8664,Wine - Zonnebloem Pinotage,3732305.7277,8990720.7379,8829586.896
5073314,4916,Sour Puss Raspberry,1210437.4187,8163415.2641,9671482.1352
6485769,7169,Broom Handle,2965825.6342,9756063.1379,2691854.4481
9228675,6459,"Pail - 4l White, With Handle",9924042.7403,4473752.6374,9857718.6923
5987469,3915,Wine - Rioja Campo Viejo,6723101.0,3896616.3715,7511104.6197
5053510,1978,Truffle - Peelings,4367014.0493,6260868.7544,9928201.214
3331891,8963,"Beef - Ox Tail, Frozen",7379116.1205,2710701.6761,8429315.7959
4008336,4269,Pork - Smoked Kassler,4895164.4644,2999997.2166,8583075.2342
7640966,7766,Plastic Arrow Stir Stick,7183111.489,2038144.7399,7059469.3156
1219227,4655,Guava,1336699.6938,9045165.7492,7969590.9684
1075550,4846,"Beans - Turtle, Black, Dry",7131257.6768,7051174.0819,5664440.6919
7810010,8531,Halibut - Fletches,3977156.772,6288680.9389,3868509.6454
4917485,2306,Almonds Ground Blanched,9603240.7773,9738010.148,2918884.4028
4399863,1870,Cleaner - Lime Away,4554621.817,8478355.0463,9129560.9762
6535476,3032,Longos - Penne With Pesto,8997605.9004,4178792.9532,6084092.8943
9868355,2671,Flour Pastry Super Fine,6916565.7885,5149056.5565,5002028.3799
2897823,2123,Carbonated Water - Blackberry,6645013.6301,8681782.3231,6041096.6388
7213122,8152,Wine La Vielle Ferme Cote Du,5133272.7241,4099735.0509,8399507.4705
4108415,9841,"Shrimp, Dried, Small / Lb",7893377.0853,7226158.1584,3216184.733
2236906,6911,Coffee Caramel Biscotti,2709499.5666,4453911.6632,4909091.0718
1928249,7243,Aspic - Clear,4949197.699,4332465.8063,4830946.5932
6443579,6804,Chutney Sauce,8238167.4102,5773070.5341,6952062.3221
6890481,6442,Lamb Rack Frenched Australian,6368379.5214,8672827.7871,8227110.2702
5712870,3456,Soup - Campbells Mushroom,8556503.3365,8645369.8506,3541842.451
3668761,8710,"Pasta - Penne Primavera, Single",6206026.4969,4903883.6206,5597999.8737
6345515,1710,Cattail Hearts,6096713.3568,1358077.6903,6507345.1196
1535803,3119,Wine - Marlbourough Sauv Blanc,8863884.227,6048097.0614,2601717.4122
1850087,9266,Dasheen,2947622.8929,5257493.1779,7937000.4648
4235043,2101,"Doilies - 12, Paper",8573593.4524,6401261.1337,2452863.7318
5543780,7087,Pepper - Cayenne,4247854.8671,2345047.9475,3990590.016
1580110,9668,Knife Plastic - White,9962370.2316,7683065.5048,4031534.8262
8099190,3261,Clementine,2396777.7871,7051923.6958,5965364.8401
4836632,1531,Steel Wool,7616072.3297,2454188.2739,3819036.4343
6598294,7026,"Pasta - Orzo, Dry",1063288.5059,6903800.2651,4190844.7714
3510621,6405,Soup - Campbells Chicken,7698960.567,1797102.5153,8677787.7252
6281018,9818,"Soup - Campbells, Minestrone",6068082.0326,7350173.846,4284567.5458
1026766,1231,"Tabasco Sauce, 2 Oz",5512296.796,1033537.5699,5198286.1059
8152131,4495,Carroway Seed,9079697.7534,1603586.6512,7925834.5417
3936453,1048,Sprouts - Brussel,5717462.2916,1355058.0871,1636465.1412
8218961,6757,"Beef - Bones, Cut - Up",2334152.7272,1984049.9975,2077694.3764
6080184,1376,"Rum - Dark, Bacardi, Black",9266752.6973,1024400.8634,8909404.4085
2097714,3102,"Tomatoes - Diced, Canned",3900950.9511,8862889.0815,6333186.4828
8040151,8463,Chutney Sauce,7619470.3409,8520514.36,1627842.717
4498910,4354,Squid U5 - Thailand,1276157.065,4476530.3892,1926100.7096
6852990,3159,Juice - Apple Cider,4709341.7723,2788759.6925,3643148.2199
5831871,5805,Lid - 0090 Clear,6072943.955,5219179.72,3471889.3394
8847896,6561,"Lettuce - Mini Greens, Whole",9061708.0227,2523881.7204,7813230.3446
7932708,9524,Mushroom - Portebello,6805815.05,6475900.4521,3821309.2922
4307073,9996,"Fish - Artic Char, Cold Smoked",8954769.1767,4577250.6666,6618901.2133
6297803,1930,Wine - Shiraz South Eastern,5659807.18,9522699.5155,2162224.6314
6190477,6386,Sprouts Dikon,3619191.0219,4010105.7903,7213130.913
6777363,4356,Monkfish Fresh - Skin Off,7009455.7798,8899031.8277,2256619.756
9935532,9572,Carbonated Water - Cherry,9513256.673,2012150.7844,5393614.5267
1586420,9126,"Veal - Brisket, Provimi, Bone - In",2037298.6373,8555554.0073,7914353.733
7479238,3121,Cauliflower,4015221.7344,9979457.8263,6691572.7604
4554011,7227,Ocean Spray - Kiwi Strawberry,8761514.7579,1673187.0636,5981593.6034
5792184,5367,Wine - Valpolicella Masi,9077543.5192,7430574.1258,1631532.9927
1977432,9028,Shrimp - 31/40,7003738.7291,9126176.7642,7367304.4577
5385479,3376,Dried Figs,4256889.9905,4688037.3717,4495938.7801
3129959,1014,"Yogurt - Cherry, 175 Gr",5794911.514,7664558.7382,5437197.6923
8327598,3734,Southern Comfort,5277464.2179,8605661.7333,2253117.1049
5851472,8696,Milk - Buttermilk,1561184.5648,5508026.3997,4192731.0845
7675185,7632,Flour - Bread,4527159.0148,1701855.101,9265073.6458
3925256,6217,Ginger - Crystalized,2208375.6797,8278034.9635,6003907.9166
3864827,5457,Beer - Mcauslan Apricot,4142519.7434,4256217.7251,9289551.1149
3619506,7375,Foam Dinner Plate,2918096.9822,3489175.5746,4737743.6406
8538067,4679,Taro Root,6508163.2952,9307629.1887,2279933.6334
7374704,3154,The Pop Shoppe - Grape,3688503.2207,3161117.0667,7793698.1736
8434521,7345,Loquat,4249705.8988,4202657.5849,5214266.9493
5330982,4602,Bread Crumbs - Panko,6720701.8502,4493962.8469,3572078.0268
8184020,8738,Cumin - Whole,5546725.8812,1543579.9024,5969292.1436
2815865,3101,Rye Special Old,2160380.1428,1655012.0716,6890704.0485
7598905,3683,"Lemonade - Kiwi, 591 Ml",4534233.6675,8511291.4819,7603525.6587
2360668,4386,Beef Dry Aged Tenderloin Aaa,3931670.2045,8335868.9009,9569514.6354
1748430,1229,Cocoa Powder - Dutched,1979126.9357,9235356.7867,4425426.5144
6353036,1411,Coriander - Seed,5208608.6452,5307648.8983,3922329.198
5647573,6076,"Veal - Brisket, Provimi, Bone - In",7057144.2837,7337024.82,3379767.7412
3710061,3543,Wine - Lamancha Do Crianza,5429783.9858,6051794.411,6661588.055
9756890,7510,Gatorade - Lemon Lime,7745694.2473,4502202.5399,8069634.1501
4812893,2975,Sprouts - Corn,4169479.4353,2140319.5743,6252084.4638
4979921,3120,Tea - Honey Green Tea,2993188.4186,4409760.2623,5959558.3955
4501242,6009,Sugar - Icing,3618491.1299,2121863.4916,8769395.1043
2659932,6448,Cabbage - Savoy,4402055.68,4194915.466,8189044.1651
5175506,2181,"Beans - Kidney, Canned",8395560.1971,2957151.7558,8643946.9848
9956421,6691,Cookie Dough - Peanut Butter,3902235.2842,5250852.6438,2439794.2358
2899884,1756,Oysters - Smoked,1778648.9675,1338605.4621,4087147.1237
5833377,1472,"Cheese - Havarti, Salsa",4013869.2669,6667585.6103,1558777.9634
6029068,3949,"Halibut - Whole, Fresh",9114947.5591,4336478.7691,2476454.9843
2605639,2248,Energy Drink - Redbull 355ml,8065131.3178,5623816.8278,7646905.2351
9999864,8225,Beef - Diced,3825253.7923,6993821.2736,3343600.7458
8933276,5599,Muffin Chocolate Individual Wrap,4389379.3085,8993668.1317,8432480.8707
2931286,6501,Cream - 18%,6416993.6086,7441545.6731,9505430.4162
9319638,9726,Chocolate Bar - Smarties,5270532.5731,2740012.7887,9868836.5152
6535302,7964,Pepper - Red Chili,8160877.8881,1089518.4054,8499117.7562
5675177,5248,Flour Pastry Super Fine,8675632.1175,4657343.9608,9091637.6034
3663661,7498,Wine - German Riesling,8628792.9764,3942891.9294,6038534.9429
2746681,2888,Juice - V8 Splash,2612266.3007,3371353.4187,4516803.3724
7615126,8873,Beef Dry Aged Tenderloin Aaa,4830883.7425,7862796.1581,4386855.1392
3356267,2257,Chivas Regal - 12 Year Old,8094116.4891,2899307.1785,1091433.5806
2139337,8082,Tea - Mint,7627157.4766,4441469.9244,4555842.1755
1930337,7196,Cheese - Gouda Smoked,4456446.5035,6499424.9971,6654327.6101
7094990,9913,Lettuce - Boston Bib,2715858.1897,7550120.989,1248561.3589
7760453,9356,Flower - Leather Leaf Fern,6635967.9595,1545090.27,9547580.8817
7657884,2180,Ice Cream - Turtles Stick Bar,6335408.9433,1046229.0243,3223909.2715
4974998,7266,Wine - Pinot Noir Mondavi Coastal,4126542.9286,3191441.0533,3069240.7021
2921946,4999,Pears - Bosc,5026364.2049,9257805.5889,2640688.3096
6361838,3357,Brandy Cherry - Mcguinness,8126184.9203,1377383.1882,3470396.2616
9643739,2645,Basil - Thai,1054659.2291,6693394.367,9891509.1023
9617985,1842,Jameson Irish Whiskey,4068309.3065,7708808.2877,8341542.8078
9962465,4295,Ice Cream - Strawberry,3718490.9885,6409203.7146,8301155.6696
1988850,8079,Coffee - Decaffeinato Coffee,6753772.06,3885722.5581,7677440.1246
5858912,7762,Beets - Mini Golden,4738859.8133,8367362.2382,1703793.1447
3070133,5838,"Bread - Crumbs, Bulk",4289928.0319,1385766.7175,6098878.0379
8630275,8034,"Cherries - Bing, Canned",6471236.0973,6829174.3599,1457617.5151
5800464,6912,Cornish Hen,1041541.4027,4846909.857,5002285.8058
5415395,9505,"Bread - Roll, Whole Wheat",3163173.5437,7933146.6203,2662391.5765
9456056,5785,Urban Zen Drinks,4671099.5346,8625797.3761,9399224.6924
5702390,7133,English Muffin,7893049.5431,3160189.8074,6533950.9221
2756263,5052,Flounder - Fresh,4669648.2129,9486939.7684,9292014.6763
6619889,2052,Wine - Zinfandel California 2002,6267662.0151,5953276.6541,8589285.5422
2730850,3042,Sour Puss Sour Apple,1463401.3388,9936123.9301,9051128.178
8582095,3138,Duck - Breast,5285936.1372,8109861.7499,9938169.4935
3111778,6290,Wine - Shiraz Wolf Blass Premium,6902568.2142,1620083.4541,2266167.7389
7166619,8623,Pants Custom Dry Clean,5139455.2999,8908683.5957,1167820.8237
1383866,8279,"Nut - Cashews, Whole, Raw",5092433.4493,1171274.9745,7470417.3134
2242484,4516,Initation Crab Meat,6826938.5089,8287946.9743,2529157.2219
5880649,9541,Toothpick Frilled,4715279.4378,1812018.9111,5412136.5671
9692703,2665,Soup - Campbells Mushroom,8502667.991,4721644.7138,2222805.6233
2638550,2840,Barramundi,6086466.9774,2481273.3112,8773503.3892
5707827,2651,"Tomatoes - Cherry, Yellow",4753644.6802,1135580.6998,6112881.0661
2439656,2030,Beef Dry Aged Tenderloin Aaa,2089320.3005,3421658.7462,1690541.1137
2751277,7928,Bananas,6208510.8943,1211700.5111,4339414.9266
4972102,1556,"Juice - Apple, 341 Ml",2677780.4977,5948389.5964,7452901.8101
3656121,4133,Urban Zen Drinks,3553060.1561,7600709.4194,3178719.5891
1157222,2284,"Veal - Brisket, Provimi,bnls",8265891.1981,8113502.9296,5340511.6238
5985754,1171,Beef - Top Butt Aaa,1897347.3561,6063138.4083,2875526.7429
8025867,6559,Smoked Tongue,6582331.0731,7281532.5065,1034214.6339
3463357,8033,Sobe - Orange Carrot,2433127.7323,4668641.5073,4374390.387
8951948,1690,Potatoes - Idaho 100 Count,5759965.5649,5904114.2418,1236867.5584
6056396,1090,Wine - Prem Select Charddonany,8816398.2618,1991011.551,6902224.123
3895096,2798,Slt - Individual Portions,4350848.4169,5461230.4936,7781579.5899
3315592,8373,"Mushroom - Chanterelle, Dry",1657634.4411,8700767.413,3732270.6444
6368484,8013,Wine - Beringer Founders Estate,8151748.9153,1495605.2737,3995788.3827
2061144,4400,Soup - Campbells Beef Noodle,9766237.1695,7284653.4784,5302859.3794
3573062,9276,Peppercorns - Green,4167681.5313,3059865.1734,7989629.8123
1714659,7656,Mustard - Individual Pkg,2823750.3354,6878120.7004,6598046.9619
4055427,3719,Goat - Whole Cut,7527472.1893,8911724.8594,4969391.1081
8884004,7732,"Pasta - Cappellini, Dry",2047713.0094,1494959.5119,3633219.8173
1641675,5124,Banana - Leaves,9007100.5805,1576618.1515,5727582.8798
4991523,9917,Napkin - Beverage 1 Ply,7363917.2636,2607792.216,3866657.5481
8162721,3513,Carbonated Water - Blackberry,1436768.6215,8064048.5696,2133978.7816
3288202,4934,Bread - French Baquette,5863993.699,8579386.6828,4455595.0779
2710772,1955,"Pepper - Paprika, Spanish",2682353.5167,2513329.0903,5866152.7199
7746396,8379,Sobe - Tropical Energy,7580609.3094,8943911.1119,2357976.0201
3613643,9481,Cheese - Wine,4789587.6207,1794100.3832,1002613.608
4549507,8094,Wine - Black Tower Qr,2643335.7477,9714471.5416,9282497.7429
4775979,7606,Kaffir Lime Leaves,8989681.8416,4818294.3081,7170916.2398
7159605,1669,Tea - Grapefruit Green Tea,1728610.9181,7711608.6015,6879102.7822
6652731,7100,"Cheese - Romano, Grated",5699263.022,6262011.8424,3730042.6403
5683516,5177,Pasta - Agnolotti - Butternut,8138349.7584,2019526.4384,1162842.1107
9815184,5676,Tomatoes - Cherry,2784375.7839,3150961.273,1521700.1988
8052649,5725,Bread - Pita,1500940.1381,5647632.4826,2083728.6008
6037401,1125,"Pasta - Bauletti, Chicken White",8268562.916,2481416.8944,6711196.7544
8759246,2917,Soup - Campbells Chili,2348462.3997,8362614.3842,3981848.239
6080446,8791,Oil - Cooking Spray,6530517.7576,7962467.202,5900703.1489
3829117,8733,"Olives - Black, Pitted",3895815.473,1826879.299,7798449.7749
3589345,8072,Beef Tenderloin Aaa,5424584.1447,6661474.0955,8437300.8111
1626675,3451,Duck - Breast,9764640.5244,7172344.8483,4400150.1854
7193419,7653,"Rice Pilaf, Dry,package",9231698.7317,3467597.3775,8454993.8071
2043214,3884,Caviar - Salmon,9695422.057,4048893.807,1755456.3647
2798788,2553,Bacardi Limon,8094027.1176,3834165.8258,9540436.7619
8287824,5227,Bagel - Everything Presliced,5688225.6197,3831277.0261,3156241.0977
7298237,7424,Beer - Mcauslan Apricot,4834192.6325,8317765.3767,3678743.5971
6036504,1602,"Nut - Pine Nuts, Whole",2840059.3676,5739823.2083,2078845.5775
5095914,2775,Wine - Manischewitz Concord,8915502.2824,2909000.8528,2955306.4905
6872178,7182,Galliano,6004003.192,9268015.0573,3648860.7888
1701502,6819,Baking Soda,7942264.4108,2580235.2319,5600957.962
3406374,4484,"Wine - Niagara,vqa Reisling",3878840.5915,8060502.4272,8123407.6356
7945177,5860,Salmon Steak - Cohoe 8 Oz,4309034.2466,4716641.2864,2298213.6364
6614176,3995,"Shrimp, Dried, Small / Lb",9860556.0065,3924121.985,1144586.9571
1097963,8330,"Lid - Translucent, 3.5 And 6 Oz",1910690.0047,5914932.035,2730192.4074
7486737,1235,Wine - Cotes Du Rhone,9048241.3051,1823504.728,5051895.7128
5575030,7762,Wiberg Cure,5797586.833,9375572.7108,5205997.927
5880467,7231,Poppy Seed,1613113.9753,9643344.1874,3389341.993
2856015,5346,"Wine - Harrow Estates, Vidal",1718950.4197,7187022.1304,5431313.1812
5619722,4488,Pie Shells 10,8707109.79,3603451.427,5274359.3706
8669567,2471,Chicken - Ground,2587373.4252,8050225.4835,1762664.8794
4425325,8244,Water - Tonic,2695626.8934,2218680.1604,6752074.5854
6725160,1441,Magnotta Bel Paese Red,5191599.5052,2795032.4887,7877251.4738
8125100,1396,Hot Choc Vending,4324045.9492,8335353.9977,5798900.0177
1182907,7817,Compound - Strawberry,2160013.8701,6437110.0405,1596458.3244
6780301,2030,Cheese - Swiss,9238074.5265,6522826.7461,1172236.5899
6514583,5338,Tomato - Tricolor Cherry,2929459.2352,2445742.1689,3269823.7772
4279730,6690,Steel Wool S.o.s,8046021.1274,6252749.821,4494840.6064
8136717,6542,"Juice - Clam, 46 Oz",1696388.6918,7580403.6286,4379533.5912
7359603,6480,Beets - Pickled,9065036.0915,9745269.9115,9102121.8052
2479769,2671,Tuna - Fresh,8520833.8331,4303312.4702,2544500.7644
5152654,4806,Pepper - Pablano,8153820.6465,1643113.2729,4291610.6164
9244269,6532,The Pop Shoppe - Grape,1015731.3538,3768400.2686,6387039.8819
2151506,8790,Tomatoes - Grape,7422217.8172,1841284.0545,5162819.5626
8752624,9729,"Cheese - Cheddar, Mild",2631050.8788,9683255.9058,4511372.4474
6631576,9012,Shrimp - Black Tiger 8 - 12,9920090.2594,1879311.9492,8580025.1275
2332574,9964,Lettuce - Lolla Rosa,6642578.7533,8351255.1903,3444413.9771
8973098,3618,Chocolate Bar - Smarties,9373969.6696,7943532.7153,6535579.5799
8303757,6278,"Coconut - Creamed, Pure",4774057.7484,5200041.2173,7212298.3566
2344773,4746,"Corn - Cream, Canned",9041840.3669,1264415.1395,5518877.8345
7119976,5085,Ham - Procutinni,6417678.2466,1658805.1038,1634442.6118
7861594,6442,Cheese - Shred Cheddar / Mozza,6733891.7685,8631408.835,5196040.952
7597995,6416,Bok Choy - Baby,7490224.1491,4068318.1101,8989874.3603
3132391,9470,Wine - Ruffino Chianti Classico,9833585.2925,1000945.115,4937578.1762
2998729,9064,Pepper - Scotch Bonnet,9932747.4164,8315942.6577,2366250.9464
7417098,3534,Initation Crab Meat,5719166.3741,5503819.8985,2714267.4736
6383134,8745,Wine - Pinot Noir Mondavi Coastal,3711699.6535,7729025.2061,6822749.9465
7605174,6702,Syrup - Chocolate,4206163.3164,9892793.8414,9010107.4097
9010286,7735,"Lamb - Shoulder, Boneless",2839553.3987,2160001.6203,2785817.74
2194130,6959,Wine - Penfolds Koonuga Hill,2281670.5088,8837372.1164,9217187.275
7034171,3447,Hog / Sausage Casing - Pork,7135747.4726,8150527.3512,6040268.1799
7648071,9827,Egg Patty Fried,7723673.6705,5834484.3856,2266586.8437
7787359,9652,Red Currant Jelly,2755946.7739,1554424.506,9721365.8471
2457504,8187,Emulsifier,4143069.9941,5192902.1897,5665207.3932
1748914,7365,Sword Pick Asst,9417058.0977,3344664.3627,7591251.2336
5007694,4007,"Stock - Veal, White",2745171.3021,7636564.3073,8300396.9009
7711612,4891,Cleaner - Comet,4757352.4986,8148642.6638,2970616.0638
4150709,4745,"Arctic Char - Fresh, Whole",4234543.4259,3993703.7709,8395618.5251
1021903,8441,"Doilies - 10, Paper",3682748.7394,9733614.3012,8892313.656
8444012,8284,Eggplant Italian,8219871.0661,3564029.4828,8304634.8092
1049318,8133,Vodka - Moskovskaya,1104708.9186,8248291.2074,2941212.5215
3804440,8127,Sugar - Invert,5839414.2073,4957030.0154,6616386.9517
6442347,1720,Mustard - Dijon,8265603.7893,3614791.1534,1111608.8993
6515066,8653,Wine - Champagne Brut Veuve,2191609.6748,5500563.7153,6456760.7648
5669633,8792,Pasta - Angel Hair,1756423.1922,2821564.2296,8249929.3151
7812150,3333,Squid - U - 10 Thailand,6712698.1672,6749378.2372,2835201.1675
2690772,5270,Jolt Cola - Electric Blue,4459422.9532,5621190.6445,4308036.2877
5748524,9684,Peach - Halves,5039245.9324,9846326.3277,5103480.202
9728010,4043,Browning Caramel Glace,5945819.5179,4842567.9471,4326048.1571
2295664,9716,Puree - Blackcurrant,1044101.1401,3209472.8677,1201049.1223
9559552,2270,Truffle Cups Green,4109907.1404,2148514.8375,5662431.6664
5852143,6451,Coffee - Flavoured,5232339.8246,8211885.0685,2423416.9826
8477956,9414,Tandoori Curry Paste,1694991.4035,2480161.5658,4729827.6336
9224938,1371,Tart - Raisin And Pecan,5022801.7727,7167775.8533,8840110.5618
8091890,2510,Jameson - Irish Whiskey,4975277.5454,5652366.5327,8726944.5005
7805678,2473,Mince Meat - Filling,8573323.2843,7068759.0852,8288839.8454
9726879,7466,Muffin Puck Ww Carrot,9941036.0184,5395395.6286,9699398.8509
6825022,9725,"Potatoes - Purple, Organic",8873860.3186,6412287.2448,5056367.4322
9621238,6082,"Coconut - Creamed, Pure",8609157.4075,9076760.036,4289840.6235
3457667,2181,Wine - Maipo Valle Cabernet,5642127.6091,9689649.8221,4400058.0168
2691005,3851,Sugar - Splenda Sweetener,9215738.7363,9902993.631,5239003.0854
5661219,4776,Oil - Avocado,6260791.504,4351025.3086,6697728.8376
6226248,1913,Onions - Pearl,1109520.4726,4016824.9614,1294690.5827
9931770,3653,Lemon Balm - Fresh,8916034.7074,9846149.5805,3863883.5384
5696692,2798,Longos - Grilled Salmon With Bbq,3240808.5831,2763435.6834,2466707.202
1598543,8045,Potatoes - Mini Red,9600446.962,1024331.7533,7513147.524
3024140,6449,Filling - Mince Meat,7251722.4336,6877667.3119,5549638.4381
6528438,5900,Mushrooms - Honey,4179153.3211,6277039.2623,1791368.9403
9601762,4366,"Tray - Foam, Square 4 - S",8647551.6633,7834772.6106,8759086.6182
8767670,2391,"Tart Shells - Sweet, 2",7777868.6822,8538100.3494,1114019.7375
2998846,9053,Apple - Fuji,2182485.8243,7192724.6415,9545208.9607
6316359,9343,Cheese Cloth No 60,3714113.6028,5077276.6045,9405871.9058
8986297,9803,Pickle - Dill,8501557.0807,4985030.1569,6251448.4639
4514794,5014,Jameson - Irish Whiskey,8134779.128,2627380.5245,7392699.361
3092638,9346,Truffle Paste,4352873.2015,5263066.9357,6607132.3643
2929051,2100,Scrubbie - Scotchbrite Hand Pad,6461436.3887,7935724.052,3899113.9363
4908125,7536,Crawfish,1695912.1608,5789299.9737,8465631.6798
5928434,3516,Cheese - Shred Cheddar / Mozza,8931918.8469,4865764.5222,5330005.5101
4962157,6321,Pork - Inside,7712112.0164,8384756.8324,6819348.1741
8250310,6132,Oyster - In Shell,5828541.6709,1224551.0044,4622734.4026
5391151,7587,"Stock - Beef, White",2244398.8528,9453106.7029,3162248.8718
8220751,7850,"Wine - White, Concha Y Toro",9212415.4966,7666558.2263,8540772.6936
7472306,1425,Flower - Commercial Spider,4063663.3473,7172202.386,1337990.5536
8704696,3178,Garlic - Elephant,5824286.4639,7844918.7274,4947969.368
3311247,1877,"Crab - Dungeness, Whole",9768968.1871,2249890.0388,5089908.2712
8992284,7211,Cup - 8oz Coffee Perforated,1188596.1807,3500658.2376,5430575.529
5503499,7832,Lumpfish Black,1718616.4199,6828135.4225,5212723.3404
5282060,3264,Wine - Prosecco Valdobiaddene,1595672.9411,9634024.2068,2279469.1893
8499589,1806,Garbage Bags - Black,6659001.0734,2674866.944,6720379.9332
2280006,4989,Pastry - Apple Large,5627339.0221,8128243.7689,8603822.2323
3950339,7616,"Pork - Butt, Boneless",4474065.7975,5819496.3895,9106679.8971
2137698,2842,"Wine - White, Cooking",4196306.5552,6078058.0043,2147515.7744
3301734,6282,Cake - Dulce De Leche,3383117.0334,2526818.3414,5784386.1415
5945097,8568,Towels - Paper / Kraft,9358377.6256,3194584.909,3706028.0582
4849203,4168,Tea - Jasmin Green,8929223.4208,3490766.0904,5176972.6342
5731271,5253,Flour - Strong,6078373.7699,6375400.1113,1608138.6668
6818961,1322,Frangelico,3810654.0115,8824557.0962,2660970.1153
4308261,8278,Juice - Ocean Spray Cranberry,7895704.6486,8766205.2455,9038808.4197
9208901,6933,Amaretto,1988526.2588,5321532.1546,7581270.5672
3670530,2541,Bulgar,8893558.5833,9759163.4008,2144455.5069
5543955,1444,Uniform Linen Charge,2159762.1735,4709795.8825,2076801.8093
4525721,1275,Bagels Poppyseed,7624854.4491,1688691.4993,7991055.078
3358998,3459,Carbonated Water - Orange,9370610.6098,2407400.9117,8851097.8374
8981594,2620,Hot Choc Vending,1595411.371,5263921.4124,5221055.6302
9282936,2237,Macaroons - Two Bite Choc,4991685.9616,9563685.946,9382223.8521
7603933,9835,Veal - Ground,9162537.4008,9769286.0955,6273730.9873
